Year,Period,Geo_Level,State_ANSI,Commodity_ID,Domain,Value
2023,APR,STATE,1,7,TOTAL,224100000.00
2023,APR,STATE,5,7,TOTAL,319000000.00
2023,APR,STATE,6,7,TOTAL,271300000.00
2023,APR,STATE,8,7,TOTAL,52200000.00
2023,APR,STATE,13,7,TOTAL,437800000.00
2023,APR,STATE,17,7,TOTAL,162500000.00
2023,APR,STATE,18,7,TOTAL,891300000.00
2023,APR,STATE,19,7,TOTAL,1149000000.00
2023,APR,STATE,21,7,TOTAL,122400000.00
2023,APR,STATE,24,7,TOTAL,54500000.00
2023,APR,STATE,26,7,TOTAL,421900000.00
2023,APR,STATE,27,7,TOTAL,192200000.00
2023,APR,STATE,28,7,TOTAL,114300000.00
2023,APR,STATE,29,7,TOTAL,332300000.00
2023,APR,STATE,31,7,TOTAL,181400000.00
2023,APR,STATE,36,7,TOTAL,144500000.00
2023,APR,STATE,37,7,TOTAL,341000000.00
2023,APR,STATE,39,7,TOTAL,941900000.00
2023,APR,STATE,40,7,TOTAL,45800000.00
2023,APR,STATE,41,7,TOTAL,58000000.00
2023,APR,STATE,,7,TOTAL,747300000.00
2023,APR,STATE,42,7,TOTAL,635500000.00
2023,APR,STATE,45,7,TOTAL,80900000.00
2023,APR,STATE,46,7,TOTAL,30900000.00
2023,APR,STATE,48,7,TOTAL,528200000.00
2023,APR,STATE,49,7,TOTAL,150800000.00
2023,APR,STATE,51,7,TOTAL,62800000.00
2023,APR,STATE,53,7,TOTAL,142300000.00
2023,APR,STATE,55,7,TOTAL,194900000.00
2023,FEB,STATE,1,7,TOTAL,202500000.00
2023,FEB,STATE,5,7,TOTAL,298900000.00
2023,FEB,STATE,6,7,TOTAL,255100000.00
2023,FEB,STATE,8,7,TOTAL,39600000.00
2023,FEB,STATE,13,7,TOTAL,412600000.00
2023,FEB,STATE,17,7,TOTAL,148500000.00
2023,FEB,STATE,18,7,TOTAL,837600000.00
2023,FEB,STATE,19,7,TOTAL,997500000.00
2023,FEB,STATE,21,7,TOTAL,117000000.00
2023,FEB,STATE,24,7,TOTAL,51800000.00
2023,FEB,STATE,26,7,TOTAL,379900000.00
2023,FEB,STATE,27,7,TOTAL,184300000.00
2023,FEB,STATE,28,7,TOTAL,104800000.00
2023,FEB,STATE,29,7,TOTAL,312600000.00
2023,FEB,STATE,31,7,TOTAL,141800000.00
2023,FEB,STATE,36,7,TOTAL,134900000.00
2023,FEB,STATE,37,7,TOTAL,321100000.00
2023,FEB,STATE,39,7,TOTAL,842700000.00
2023,FEB,STATE,40,7,TOTAL,42600000.00
2023,FEB,STATE,41,7,TOTAL,51100000.00
2023,FEB,STATE,,7,TOTAL,689100000.00
2023,FEB,STATE,42,7,TOTAL,593200000.00
2023,FEB,STATE,45,7,TOTAL,82200000.00
2023,FEB,STATE,46,7,TOTAL,27400000.00
2023,FEB,STATE,48,7,TOTAL,488300000.00
2023,FEB,STATE,49,7,TOTAL,137000000.00
2023,FEB,STATE,51,7,TOTAL,59000000.00
2023,FEB,STATE,53,7,TOTAL,135000000.00
2023,FEB,STATE,55,7,TOTAL,139100000.00
2023,JAN,STATE,1,7,TOTAL,218300000.00
2023,JAN,STATE,5,7,TOTAL,335900000.00
2023,JAN,STATE,6,7,TOTAL,277200000.00
2023,JAN,STATE,8,7,TOTAL,44100000.00
2023,JAN,STATE,13,7,TOTAL,456300000.00
2023,JAN,STATE,17,7,TOTAL,162400000.00
2023,JAN,STATE,18,7,TOTAL,930300000.00
2023,JAN,STATE,19,7,TOTAL,1056800000.00
2023,JAN,STATE,21,7,TOTAL,128200000.00
2023,JAN,STATE,24,7,TOTAL,58500000.00
2023,JAN,STATE,26,7,TOTAL,418900000.00
2023,JAN,STATE,27,7,TOTAL,212500000.00
2023,JAN,STATE,28,7,TOTAL,114600000.00
2023,JAN,STATE,29,7,TOTAL,351400000.00
2023,JAN,STATE,31,7,TOTAL,148600000.00
2023,JAN,STATE,36,7,TOTAL,149900000.00
2023,JAN,STATE,37,7,TOTAL,352000000.00
2023,JAN,STATE,39,7,TOTAL,902700000.00
2023,JAN,STATE,40,7,TOTAL,50600000.00
2023,JAN,STATE,41,7,TOTAL,56500000.00
2023,JAN,STATE,,7,TOTAL,767700000.00
2023,JAN,STATE,42,7,TOTAL,663200000.00
2023,JAN,STATE,45,7,TOTAL,92000000.00
2023,JAN,STATE,46,7,TOTAL,27600000.00
2023,JAN,STATE,48,7,TOTAL,553800000.00
2023,JAN,STATE,49,7,TOTAL,155000000.00
2023,JAN,STATE,51,7,TOTAL,65300000.00
2023,JAN,STATE,53,7,TOTAL,151700000.00
2023,JAN,STATE,55,7,TOTAL,150500000.00
2023,MAR,STATE,1,7,TOTAL,229600000.00
2023,MAR,STATE,5,7,TOTAL,328500000.00
2023,MAR,STATE,6,7,TOTAL,278300000.00
2023,MAR,STATE,8,7,TOTAL,46600000.00
2023,MAR,STATE,13,7,TOTAL,456900000.00
2023,MAR,STATE,17,7,TOTAL,167400000.00
2023,MAR,STATE,18,7,TOTAL,929900000.00
2023,MAR,STATE,19,7,TOTAL,1159000000.00
2023,MAR,STATE,21,7,TOTAL,128100000.00
2023,MAR,STATE,24,7,TOTAL,56600000.00
2023,MAR,STATE,26,7,TOTAL,435000000.00
2023,MAR,STATE,27,7,TOTAL,198800000.00
2023,MAR,STATE,28,7,TOTAL,119800000.00
2023,MAR,STATE,29,7,TOTAL,339800000.00
2023,MAR,STATE,31,7,TOTAL,173900000.00
2023,MAR,STATE,36,7,TOTAL,148600000.00
2023,MAR,STATE,37,7,TOTAL,355000000.00
2023,MAR,STATE,39,7,TOTAL,967400000.00
2023,MAR,STATE,40,7,TOTAL,45500000.00
2023,MAR,STATE,41,7,TOTAL,58200000.00
2023,MAR,STATE,,7,TOTAL,763300000.00
2023,MAR,STATE,42,7,TOTAL,653600000.00
2023,MAR,STATE,45,7,TOTAL,85700000.00
2023,MAR,STATE,46,7,TOTAL,28700000.00
2023,MAR,STATE,48,7,TOTAL,540000000.00
2023,MAR,STATE,49,7,TOTAL,152100000.00
2023,MAR,STATE,51,7,TOTAL,64500000.00
2023,MAR,STATE,53,7,TOTAL,148500000.00
2023,MAR,STATE,55,7,TOTAL,168400000.00
2023,MAY,STATE,1,7,TOTAL,233000000.00
2023,MAY,STATE,5,7,TOTAL,329200000.00
2023,MAY,STATE,6,7,TOTAL,284900000.00
2023,MAY,STATE,8,7,TOTAL,59600000.00
2023,MAY,STATE,13,7,TOTAL,443000000.00
2023,MAY,STATE,17,7,TOTAL,167600000.00
2023,MAY,STATE,18,7,TOTAL,910300000.00
2023,MAY,STATE,19,7,TOTAL,1195900000.00
2023,MAY,STATE,21,7,TOTAL,126200000.00
2023,MAY,STATE,24,7,TOTAL,58300000.00
2023,MAY,STATE,26,7,TOTAL,431100000.00
2023,MAY,STATE,27,7,TOTAL,199100000.00
2023,MAY,STATE,28,7,TOTAL,117800000.00
2023,MAY,STATE,29,7,TOTAL,343600000.00
2023,MAY,STATE,31,7,TOTAL,196000000.00
2023,MAY,STATE,36,7,TOTAL,148400000.00
2023,MAY,STATE,37,7,TOTAL,358200000.00
2023,MAY,STATE,39,7,TOTAL,953600000.00
2023,MAY,STATE,40,7,TOTAL,47400000.00
2023,MAY,STATE,41,7,TOTAL,57600000.00
2023,MAY,STATE,,7,TOTAL,775700000.00
2023,MAY,STATE,42,7,TOTAL,684000000.00
2023,MAY,STATE,45,7,TOTAL,84700000.00
2023,MAY,STATE,46,7,TOTAL,37800000.00
2023,MAY,STATE,48,7,TOTAL,543700000.00
2023,MAY,STATE,49,7,TOTAL,151800000.00
2023,MAY,STATE,51,7,TOTAL,66200000.00
2023,MAY,STATE,53,7,TOTAL,142600000.00
2023,MAY,STATE,55,7,TOTAL,218200000.00
2022,APR,STATE,1,7,TOTAL,217000000.00
2022,APR,STATE,5,7,TOTAL,352500000.00
2022,APR,STATE,6,7,TOTAL,309300000.00
2022,APR,STATE,8,7,TOTAL,126300000.00
2022,APR,STATE,13,7,TOTAL,436100000.00
2022,APR,STATE,17,7,TOTAL,157400000.00
2022,APR,STATE,18,7,TOTAL,889800000.00
2022,APR,STATE,19,7,TOTAL,852600000.00
2022,APR,STATE,21,7,TOTAL,118300000.00
2022,APR,STATE,24,7,TOTAL,32000000.00
2022,APR,STATE,26,7,TOTAL,422100000.00
2022,APR,STATE,27,7,TOTAL,217600000.00
2022,APR,STATE,28,7,TOTAL,119900000.00
2022,APR,STATE,29,7,TOTAL,336200000.00
2022,APR,STATE,31,7,TOTAL,178300000.00
2022,APR,STATE,36,7,TOTAL,147400000.00
2022,APR,STATE,37,7,TOTAL,339200000.00
2022,APR,STATE,39,7,TOTAL,964700000.00
2022,APR,STATE,40,7,TOTAL,45900000.00
2022,APR,STATE,41,7,TOTAL,54200000.00
2022,APR,STATE,,7,TOTAL,718400000.00
2022,APR,STATE,42,7,TOTAL,675600000.00
2022,APR,STATE,45,7,TOTAL,79200000.00
2022,APR,STATE,46,7,TOTAL,49600000.00
2022,APR,STATE,48,7,TOTAL,553100000.00
2022,APR,STATE,49,7,TOTAL,150700000.00
2022,APR,STATE,51,7,TOTAL,62000000.00
2022,APR,STATE,53,7,TOTAL,167900000.00
2022,APR,STATE,55,7,TOTAL,121300000.00
2022,AUG,STATE,1,7,TOTAL,224800000.00
2022,AUG,STATE,5,7,TOTAL,331300000.00
2022,AUG,STATE,6,7,TOTAL,336900000.00
2022,AUG,STATE,8,7,TOTAL,55500000.00
2022,AUG,STATE,13,7,TOTAL,441200000.00
2022,AUG,STATE,17,7,TOTAL,156900000.00
2022,AUG,STATE,18,7,TOTAL,929800000.00
2022,AUG,STATE,19,7,TOTAL,976200000.00
2022,AUG,STATE,21,7,TOTAL,124000000.00
2022,AUG,STATE,24,7,TOTAL,52200000.00
2022,AUG,STATE,26,7,TOTAL,431600000.00
2022,AUG,STATE,27,7,TOTAL,225300000.00
2022,AUG,STATE,28,7,TOTAL,122600000.00
2022,AUG,STATE,29,7,TOTAL,343000000.00
2022,AUG,STATE,31,7,TOTAL,145500000.00
2022,AUG,STATE,36,7,TOTAL,150900000.00
2022,AUG,STATE,37,7,TOTAL,353100000.00
2022,AUG,STATE,39,7,TOTAL,1026900000.00
2022,AUG,STATE,40,7,TOTAL,49200000.00
2022,AUG,STATE,41,7,TOTAL,52600000.00
2022,AUG,STATE,,7,TOTAL,743700000.00
2022,AUG,STATE,42,7,TOTAL,662900000.00
2022,AUG,STATE,45,7,TOTAL,89100000.00
2022,AUG,STATE,46,7,TOTAL,48200000.00
2022,AUG,STATE,48,7,TOTAL,557300000.00
2022,AUG,STATE,49,7,TOTAL,137500000.00
2022,AUG,STATE,51,7,TOTAL,65900000.00
2022,AUG,STATE,53,7,TOTAL,174700000.00
2022,AUG,STATE,55,7,TOTAL,149600000.00
2022,DEC,STATE,1,7,TOTAL,216000000.00
2022,DEC,STATE,5,7,TOTAL,339400000.00
2022,DEC,STATE,6,7,TOTAL,297400000.00
2022,DEC,STATE,8,7,TOTAL,51200000.00
2022,DEC,STATE,13,7,TOTAL,450000000.00
2022,DEC,STATE,17,7,TOTAL,163800000.00
2022,DEC,STATE,18,7,TOTAL,939200000.00
2022,DEC,STATE,19,7,TOTAL,1045800000.00
2022,DEC,STATE,21,7,TOTAL,127000000.00
2022,DEC,STATE,24,7,TOTAL,60000000.00
2022,DEC,STATE,26,7,TOTAL,429500000.00
2022,DEC,STATE,27,7,TOTAL,218000000.00
2022,DEC,STATE,28,7,TOTAL,122600000.00
2022,DEC,STATE,29,7,TOTAL,353800000.00
2022,DEC,STATE,31,7,TOTAL,161100000.00
2022,DEC,STATE,36,7,TOTAL,151600000.00
2022,DEC,STATE,37,7,TOTAL,346100000.00
2022,DEC,STATE,39,7,TOTAL,907600000.00
2022,DEC,STATE,40,7,TOTAL,50800000.00
2022,DEC,STATE,41,7,TOTAL,54100000.00
2022,DEC,STATE,,7,TOTAL,770400000.00
2022,DEC,STATE,42,7,TOTAL,674700000.00
2022,DEC,STATE,45,7,TOTAL,87900000.00
2022,DEC,STATE,46,7,TOTAL,35900000.00
2022,DEC,STATE,48,7,TOTAL,567100000.00
2022,DEC,STATE,49,7,TOTAL,153700000.00
2022,DEC,STATE,51,7,TOTAL,63700000.00
2022,DEC,STATE,53,7,TOTAL,163200000.00
2022,DEC,STATE,55,7,TOTAL,147300000.00
2022,FEB,STATE,1,7,TOTAL,191300000.00
2022,FEB,STATE,5,7,TOTAL,350100000.00
2022,FEB,STATE,6,7,TOTAL,289400000.00
2022,FEB,STATE,8,7,TOTAL,113600000.00
2022,FEB,STATE,13,7,TOTAL,391100000.00
2022,FEB,STATE,17,7,TOTAL,132900000.00
2022,FEB,STATE,18,7,TOTAL,807100000.00
2022,FEB,STATE,19,7,TOTAL,1081600000.00
2022,FEB,STATE,21,7,TOTAL,119000000.00
2022,FEB,STATE,24,7,TOTAL,53400000.00
2022,FEB,STATE,26,7,TOTAL,386200000.00
2022,FEB,STATE,27,7,TOTAL,205900000.00
2022,FEB,STATE,28,7,TOTAL,109900000.00
2022,FEB,STATE,29,7,TOTAL,312800000.00
2022,FEB,STATE,31,7,TOTAL,192600000.00
2022,FEB,STATE,36,7,TOTAL,132900000.00
2022,FEB,STATE,37,7,TOTAL,308700000.00
2022,FEB,STATE,39,7,TOTAL,887500000.00
2022,FEB,STATE,40,7,TOTAL,44000000.00
2022,FEB,STATE,41,7,TOTAL,48500000.00
2022,FEB,STATE,,7,TOTAL,667000000.00
2022,FEB,STATE,42,7,TOTAL,713000000.00
2022,FEB,STATE,45,7,TOTAL,72200000.00
2022,FEB,STATE,46,7,TOTAL,46400000.00
2022,FEB,STATE,48,7,TOTAL,511200000.00
2022,FEB,STATE,49,7,TOTAL,145700000.00
2022,FEB,STATE,51,7,TOTAL,54300000.00
2022,FEB,STATE,53,7,TOTAL,152600000.00
2022,FEB,STATE,55,7,TOTAL,163400000.00
2022,JAN,STATE,1,7,TOTAL,209900000.00
2022,JAN,STATE,5,7,TOTAL,375500000.00
2022,JAN,STATE,6,7,TOTAL,317500000.00
2022,JAN,STATE,8,7,TOTAL,128300000.00
2022,JAN,STATE,13,7,TOTAL,430300000.00
2022,JAN,STATE,17,7,TOTAL,156600000.00
2022,JAN,STATE,18,7,TOTAL,878800000.00
2022,JAN,STATE,19,7,TOTAL,1241200000.00
2022,JAN,STATE,21,7,TOTAL,128200000.00
2022,JAN,STATE,24,7,TOTAL,58200000.00
2022,JAN,STATE,26,7,TOTAL,414200000.00
2022,JAN,STATE,27,7,TOTAL,224400000.00
2022,JAN,STATE,28,7,TOTAL,120300000.00
2022,JAN,STATE,29,7,TOTAL,341500000.00
2022,JAN,STATE,31,7,TOTAL,210400000.00
2022,JAN,STATE,36,7,TOTAL,146600000.00
2022,JAN,STATE,37,7,TOTAL,343900000.00
2022,JAN,STATE,39,7,TOTAL,988100000.00
2022,JAN,STATE,40,7,TOTAL,48700000.00
2022,JAN,STATE,41,7,TOTAL,54000000.00
2022,JAN,STATE,,7,TOTAL,764100000.00
2022,JAN,STATE,42,7,TOTAL,803600000.00
2022,JAN,STATE,45,7,TOTAL,86000000.00
2022,JAN,STATE,46,7,TOTAL,51900000.00
2022,JAN,STATE,48,7,TOTAL,574600000.00
2022,JAN,STATE,49,7,TOTAL,162500000.00
2022,JAN,STATE,51,7,TOTAL,61900000.00
2022,JAN,STATE,53,7,TOTAL,175700000.00
2022,JAN,STATE,55,7,TOTAL,180100000.00
2022,JUL,STATE,1,7,TOTAL,226300000.00
2022,JUL,STATE,5,7,TOTAL,336100000.00
2022,JUL,STATE,6,7,TOTAL,342200000.00
2022,JUL,STATE,8,7,TOTAL,55000000.00
2022,JUL,STATE,13,7,TOTAL,439900000.00
2022,JUL,STATE,17,7,TOTAL,158800000.00
2022,JUL,STATE,18,7,TOTAL,925800000.00
2022,JUL,STATE,19,7,TOTAL,919300000.00
2022,JUL,STATE,21,7,TOTAL,127300000.00
2022,JUL,STATE,24,7,TOTAL,47100000.00
2022,JUL,STATE,26,7,TOTAL,438200000.00
2022,JUL,STATE,27,7,TOTAL,226300000.00
2022,JUL,STATE,28,7,TOTAL,125300000.00
2022,JUL,STATE,29,7,TOTAL,350900000.00
2022,JUL,STATE,31,7,TOTAL,128200000.00
2022,JUL,STATE,36,7,TOTAL,149900000.00
2022,JUL,STATE,37,7,TOTAL,346900000.00
2022,JUL,STATE,39,7,TOTAL,1001600000.00
2022,JUL,STATE,40,7,TOTAL,51000000.00
2022,JUL,STATE,41,7,TOTAL,51700000.00
2022,JUL,STATE,,7,TOTAL,747100000.00
2022,JUL,STATE,42,7,TOTAL,659500000.00
2022,JUL,STATE,45,7,TOTAL,85300000.00
2022,JUL,STATE,46,7,TOTAL,46500000.00
2022,JUL,STATE,48,7,TOTAL,551500000.00
2022,JUL,STATE,49,7,TOTAL,134200000.00
2022,JUL,STATE,51,7,TOTAL,63900000.00
2022,JUL,STATE,53,7,TOTAL,174800000.00
2022,JUL,STATE,55,7,TOTAL,145300000.00
2022,JUN,STATE,1,7,TOTAL,224600000.00
2022,JUN,STATE,5,7,TOTAL,326100000.00
2022,JUN,STATE,6,7,TOTAL,318500000.00
2022,JUN,STATE,8,7,TOTAL,71400000.00
2022,JUN,STATE,13,7,TOTAL,428700000.00
2022,JUN,STATE,17,7,TOTAL,154800000.00
2022,JUN,STATE,18,7,TOTAL,898900000.00
2022,JUN,STATE,19,7,TOTAL,865100000.00
2022,JUN,STATE,21,7,TOTAL,121400000.00
2022,JUN,STATE,24,7,TOTAL,40400000.00
2022,JUN,STATE,26,7,TOTAL,428100000.00
2022,JUN,STATE,27,7,TOTAL,216100000.00
2022,JUN,STATE,28,7,TOTAL,120000000.00
2022,JUN,STATE,29,7,TOTAL,337100000.00
2022,JUN,STATE,31,7,TOTAL,109300000.00
2022,JUN,STATE,36,7,TOTAL,145900000.00
2022,JUN,STATE,37,7,TOTAL,332800000.00
2022,JUN,STATE,39,7,TOTAL,973200000.00
2022,JUN,STATE,40,7,TOTAL,46400000.00
2022,JUN,STATE,41,7,TOTAL,49600000.00
2022,JUN,STATE,,7,TOTAL,712500000.00
2022,JUN,STATE,42,7,TOTAL,625400000.00
2022,JUN,STATE,45,7,TOTAL,79900000.00
2022,JUN,STATE,46,7,TOTAL,47600000.00
2022,JUN,STATE,48,7,TOTAL,529300000.00
2022,JUN,STATE,49,7,TOTAL,128400000.00
2022,JUN,STATE,51,7,TOTAL,62600000.00
2022,JUN,STATE,53,7,TOTAL,168700000.00
2022,JUN,STATE,55,7,TOTAL,134100000.00
2022,MAR,STATE,1,7,TOTAL,218000000.00
2022,MAR,STATE,5,7,TOTAL,379500000.00
2022,MAR,STATE,6,7,TOTAL,319400000.00
2022,MAR,STATE,8,7,TOTAL,124600000.00
2022,MAR,STATE,13,7,TOTAL,445100000.00
2022,MAR,STATE,17,7,TOTAL,152100000.00
2022,MAR,STATE,18,7,TOTAL,908700000.00
2022,MAR,STATE,19,7,TOTAL,1043800000.00
2022,MAR,STATE,21,7,TOTAL,130600000.00
2022,MAR,STATE,24,7,TOTAL,46500000.00
2022,MAR,STATE,26,7,TOTAL,439700000.00
2022,MAR,STATE,27,7,TOTAL,224700000.00
2022,MAR,STATE,28,7,TOTAL,124300000.00
2022,MAR,STATE,29,7,TOTAL,348800000.00
2022,MAR,STATE,31,7,TOTAL,213400000.00
2022,MAR,STATE,36,7,TOTAL,152200000.00
2022,MAR,STATE,37,7,TOTAL,347200000.00
2022,MAR,STATE,39,7,TOTAL,995800000.00
2022,MAR,STATE,40,7,TOTAL,47200000.00
2022,MAR,STATE,41,7,TOTAL,55900000.00
2022,MAR,STATE,,7,TOTAL,733200000.00
2022,MAR,STATE,42,7,TOTAL,771200000.00
2022,MAR,STATE,45,7,TOTAL,77600000.00
2022,MAR,STATE,46,7,TOTAL,51100000.00
2022,MAR,STATE,48,7,TOTAL,568700000.00
2022,MAR,STATE,49,7,TOTAL,168100000.00
2022,MAR,STATE,51,7,TOTAL,59600000.00
2022,MAR,STATE,53,7,TOTAL,172700000.00
2022,MAR,STATE,55,7,TOTAL,151300000.00
2022,MARKETING YEAR,STATE,1,7,TOTAL,2611100000.00
2022,MARKETING YEAR,STATE,5,7,TOTAL,4151100000.00
2022,MARKETING YEAR,STATE,6,7,TOTAL,3822600000.00
2022,MARKETING YEAR,STATE,8,7,TOTAL,1046100000.00
2022,MARKETING YEAR,STATE,13,7,TOTAL,5202500000.00
2022,MARKETING YEAR,STATE,17,7,TOTAL,1860200000.00
2022,MARKETING YEAR,STATE,18,7,TOTAL,10799000000.00
2022,MARKETING YEAR,STATE,19,7,TOTAL,12197600000.00
2022,MARKETING YEAR,STATE,21,7,TOTAL,1477300000.00
2022,MARKETING YEAR,STATE,22,7,TOTAL,501500000.00
2022,MARKETING YEAR,STATE,24,7,TOTAL,599100000.00
2022,MARKETING YEAR,STATE,25,7,TOTAL,47300000.00
2022,MARKETING YEAR,STATE,26,7,TOTAL,5062200000.00
2022,MARKETING YEAR,STATE,27,7,TOTAL,2626900000.00
2022,MARKETING YEAR,STATE,28,7,TOTAL,1451300000.00
2022,MARKETING YEAR,STATE,29,7,TOTAL,4103000000.00
2022,MARKETING YEAR,STATE,30,7,TOTAL,389000000.00
2022,MARKETING YEAR,STATE,31,7,TOTAL,1990000000.00
2022,MARKETING YEAR,STATE,36,7,TOTAL,1768400000.00
2022,MARKETING YEAR,STATE,37,7,TOTAL,4066500000.00
2022,MARKETING YEAR,STATE,39,7,TOTAL,11773400000.00
2022,MARKETING YEAR,STATE,40,7,TOTAL,570600000.00
2022,MARKETING YEAR,STATE,41,7,TOTAL,628000000.00
2022,MARKETING YEAR,STATE,,7,TOTAL,7150300000.00
2022,MARKETING YEAR,STATE,42,7,TOTAL,8339900000.00
2022,MARKETING YEAR,STATE,45,7,TOTAL,990900000.00
2022,MARKETING YEAR,STATE,46,7,TOTAL,592500000.00
2022,MARKETING YEAR,STATE,47,7,TOTAL,366000000.00
2022,MARKETING YEAR,STATE,48,7,TOTAL,6621800000.00
2022,MARKETING YEAR,STATE,49,7,TOTAL,1752600000.00
2022,MARKETING YEAR,STATE,50,7,TOTAL,55500000.00
2022,MARKETING YEAR,STATE,51,7,TOTAL,743000000.00
2022,MARKETING YEAR,STATE,53,7,TOTAL,2052600000.00
2022,MARKETING YEAR,STATE,54,7,TOTAL,306300000.00
2022,MARKETING YEAR,STATE,55,7,TOTAL,1798000000.00
2022,MAY,STATE,1,7,TOTAL,231700000.00
2022,MAY,STATE,5,7,TOTAL,348800000.00
2022,MAY,STATE,6,7,TOTAL,317400000.00
2022,MAY,STATE,8,7,TOTAL,110900000.00
2022,MAY,STATE,13,7,TOTAL,450100000.00
2022,MAY,STATE,17,7,TOTAL,162300000.00
2022,MAY,STATE,18,7,TOTAL,931800000.00
2022,MAY,STATE,19,7,TOTAL,885300000.00
2022,MAY,STATE,21,7,TOTAL,120900000.00
2022,MAY,STATE,24,7,TOTAL,36400000.00
2022,MAY,STATE,26,7,TOTAL,433900000.00
2022,MAY,STATE,27,7,TOTAL,222700000.00
2022,MAY,STATE,28,7,TOTAL,124200000.00
2022,MAY,STATE,29,7,TOTAL,347000000.00
2022,MAY,STATE,31,7,TOTAL,128800000.00
2022,MAY,STATE,36,7,TOTAL,152300000.00
2022,MAY,STATE,37,7,TOTAL,346400000.00
2022,MAY,STATE,39,7,TOTAL,994400000.00
2022,MAY,STATE,40,7,TOTAL,47200000.00
2022,MAY,STATE,41,7,TOTAL,53900000.00
2022,MAY,STATE,,7,TOTAL,735200000.00
2022,MAY,STATE,42,7,TOTAL,636400000.00
2022,MAY,STATE,45,7,TOTAL,86000000.00
2022,MAY,STATE,46,7,TOTAL,51800000.00
2022,MAY,STATE,48,7,TOTAL,560800000.00
2022,MAY,STATE,49,7,TOTAL,135900000.00
2022,MAY,STATE,51,7,TOTAL,67100000.00
2022,MAY,STATE,53,7,TOTAL,175000000.00
2022,MAY,STATE,55,7,TOTAL,132900000.00
2022,NOV,STATE,1,7,TOTAL,210700000.00
2022,NOV,STATE,5,7,TOTAL,326100000.00
2022,NOV,STATE,6,7,TOTAL,307100000.00
2022,NOV,STATE,8,7,TOTAL,49100000.00
2022,NOV,STATE,13,7,TOTAL,432800000.00
2022,NOV,STATE,17,7,TOTAL,156600000.00
2022,NOV,STATE,18,7,TOTAL,904900000.00
2022,NOV,STATE,19,7,TOTAL,1018400000.00
2022,NOV,STATE,21,7,TOTAL,121700000.00
2022,NOV,STATE,24,7,TOTAL,58500000.00
2022,NOV,STATE,26,7,TOTAL,417800000.00
2022,NOV,STATE,27,7,TOTAL,213900000.00
2022,NOV,STATE,28,7,TOTAL,123200000.00
2022,NOV,STATE,29,7,TOTAL,348800000.00
2022,NOV,STATE,31,7,TOTAL,164600000.00
2022,NOV,STATE,36,7,TOTAL,146900000.00
2022,NOV,STATE,37,7,TOTAL,327300000.00
2022,NOV,STATE,39,7,TOTAL,923200000.00
2022,NOV,STATE,40,7,TOTAL,46500000.00
2022,NOV,STATE,41,7,TOTAL,49800000.00
2022,NOV,STATE,,7,TOTAL,747100000.00
2022,NOV,STATE,42,7,TOTAL,657700000.00
2022,NOV,STATE,45,7,TOTAL,81500000.00
2022,NOV,STATE,46,7,TOTAL,47200000.00
2022,NOV,STATE,48,7,TOTAL,550500000.00
2022,NOV,STATE,49,7,TOTAL,145300000.00
2022,NOV,STATE,51,7,TOTAL,59600000.00
2022,NOV,STATE,53,7,TOTAL,166700000.00
2022,NOV,STATE,55,7,TOTAL,143700000.00
2022,OCT,STATE,1,7,TOTAL,222600000.00
2022,OCT,STATE,5,7,TOTAL,334500000.00
2022,OCT,STATE,6,7,TOTAL,321200000.00
2022,OCT,STATE,8,7,TOTAL,41100000.00
2022,OCT,STATE,13,7,TOTAL,443200000.00
2022,OCT,STATE,17,7,TOTAL,158700000.00
2022,OCT,STATE,18,7,TOTAL,933900000.00
2022,OCT,STATE,19,7,TOTAL,1038700000.00
2022,OCT,STATE,21,7,TOTAL,122600000.00
2022,OCT,STATE,24,7,TOTAL,60200000.00
2022,OCT,STATE,26,7,TOTAL,429800000.00
2022,OCT,STATE,27,7,TOTAL,221800000.00
2022,OCT,STATE,28,7,TOTAL,124100000.00
2022,OCT,STATE,29,7,TOTAL,362500000.00
2022,OCT,STATE,31,7,TOTAL,161600000.00
2022,OCT,STATE,36,7,TOTAL,149300000.00
2022,OCT,STATE,37,7,TOTAL,339100000.00
2022,OCT,STATE,39,7,TOTAL,1014300000.00
2022,OCT,STATE,40,7,TOTAL,48000000.00
2022,OCT,STATE,41,7,TOTAL,51200000.00
2022,OCT,STATE,,7,TOTAL,759400000.00
2022,OCT,STATE,42,7,TOTAL,672300000.00
2022,OCT,STATE,45,7,TOTAL,83000000.00
2022,OCT,STATE,46,7,TOTAL,50800000.00
2022,OCT,STATE,48,7,TOTAL,552900000.00
2022,OCT,STATE,49,7,TOTAL,143500000.00
2022,OCT,STATE,51,7,TOTAL,62000000.00
2022,OCT,STATE,53,7,TOTAL,173800000.00
2022,OCT,STATE,55,7,TOTAL,148400000.00
2022,SEP,STATE,1,7,TOTAL,219500000.00
2022,SEP,STATE,5,7,TOTAL,321000000.00
2022,SEP,STATE,6,7,TOTAL,321100000.00
2022,SEP,STATE,8,7,TOTAL,45600000.00
2022,SEP,STATE,13,7,TOTAL,423200000.00
2022,SEP,STATE,17,7,TOTAL,152500000.00
2022,SEP,STATE,18,7,TOTAL,899500000.00
2022,SEP,STATE,19,7,TOTAL,977500000.00
2022,SEP,STATE,21,7,TOTAL,116300000.00
2022,SEP,STATE,24,7,TOTAL,55200000.00
2022,SEP,STATE,26,7,TOTAL,417300000.00
2022,SEP,STATE,27,7,TOTAL,216200000.00
2022,SEP,STATE,28,7,TOTAL,117000000.00
2022,SEP,STATE,29,7,TOTAL,336200000.00
2022,SEP,STATE,31,7,TOTAL,152800000.00
2022,SEP,STATE,36,7,TOTAL,144300000.00
2022,SEP,STATE,37,7,TOTAL,336800000.00
2022,SEP,STATE,39,7,TOTAL,1016300000.00
2022,SEP,STATE,40,7,TOTAL,46600000.00
2022,SEP,STATE,41,7,TOTAL,50400000.00
2022,SEP,STATE,,7,TOTAL,720000000.00
2022,SEP,STATE,42,7,TOTAL,644500000.00
2022,SEP,STATE,45,7,TOTAL,82500000.00
2022,SEP,STATE,46,7,TOTAL,48800000.00
2022,SEP,STATE,48,7,TOTAL,526600000.00
2022,SEP,STATE,49,7,TOTAL,134300000.00
2022,SEP,STATE,51,7,TOTAL,62800000.00
2022,SEP,STATE,53,7,TOTAL,169800000.00
2022,SEP,STATE,55,7,TOTAL,144300000.00
2021,APR,STATE,1,7,TOTAL,195700000.00
2021,APR,STATE,5,7,TOTAL,361500000.00
2021,APR,STATE,6,7,TOTAL,326200000.00
2021,APR,STATE,8,7,TOTAL,128300000.00
2021,APR,STATE,13,7,TOTAL,421900000.00
2021,APR,STATE,17,7,TOTAL,164400000.00
2021,APR,STATE,18,7,TOTAL,869900000.00
2021,APR,STATE,19,7,TOTAL,1236400000.00
2021,APR,STATE,21,7,TOTAL,126900000.00
2021,APR,STATE,24,7,TOTAL,62200000.00
2021,APR,STATE,26,7,TOTAL,368800000.00
2021,APR,STATE,27,7,TOTAL,200300000.00
2021,APR,STATE,28,7,TOTAL,117200000.00
2021,APR,STATE,29,7,TOTAL,328600000.00
2021,APR,STATE,31,7,TOTAL,196300000.00
2021,APR,STATE,36,7,TOTAL,142700000.00
2021,APR,STATE,37,7,TOTAL,345300000.00
2021,APR,STATE,39,7,TOTAL,919700000.00
2021,APR,STATE,40,7,TOTAL,46700000.00
2021,APR,STATE,41,7,TOTAL,52000000.00
2021,APR,STATE,,7,TOTAL,698400000.00
2021,APR,STATE,42,7,TOTAL,649100000.00
2021,APR,STATE,45,7,TOTAL,78200000.00
2021,APR,STATE,46,7,TOTAL,58200000.00
2021,APR,STATE,48,7,TOTAL,526200000.00
2021,APR,STATE,49,7,TOTAL,141800000.00
2021,APR,STATE,51,7,TOTAL,60900000.00
2021,APR,STATE,53,7,TOTAL,169800000.00
2021,APR,STATE,55,7,TOTAL,181900000.00
2021,AUG,STATE,1,7,TOTAL,204700000.00
2021,AUG,STATE,5,7,TOTAL,353700000.00
2021,AUG,STATE,6,7,TOTAL,347700000.00
2021,AUG,STATE,8,7,TOTAL,125400000.00
2021,AUG,STATE,13,7,TOTAL,415300000.00
2021,AUG,STATE,17,7,TOTAL,166300000.00
2021,AUG,STATE,18,7,TOTAL,906200000.00
2021,AUG,STATE,19,7,TOTAL,1275900000.00
2021,AUG,STATE,21,7,TOTAL,120600000.00
2021,AUG,STATE,24,7,TOTAL,62300000.00
2021,AUG,STATE,26,7,TOTAL,378900000.00
2021,AUG,STATE,27,7,TOTAL,208400000.00
2021,AUG,STATE,28,7,TOTAL,115500000.00
2021,AUG,STATE,29,7,TOTAL,336700000.00
2021,AUG,STATE,31,7,TOTAL,204600000.00
2021,AUG,STATE,36,7,TOTAL,148500000.00
2021,AUG,STATE,37,7,TOTAL,338400000.00
2021,AUG,STATE,39,7,TOTAL,927000000.00
2021,AUG,STATE,40,7,TOTAL,46700000.00
2021,AUG,STATE,41,7,TOTAL,53000000.00
2021,AUG,STATE,,7,TOTAL,722100000.00
2021,AUG,STATE,42,7,TOTAL,682400000.00
2021,AUG,STATE,45,7,TOTAL,75000000.00
2021,AUG,STATE,46,7,TOTAL,51600000.00
2021,AUG,STATE,48,7,TOTAL,530800000.00
2021,AUG,STATE,49,7,TOTAL,151400000.00
2021,AUG,STATE,51,7,TOTAL,56000000.00
2021,AUG,STATE,53,7,TOTAL,167700000.00
2021,AUG,STATE,55,7,TOTAL,171000000.00
2021,DEC,STATE,1,7,TOTAL,214700000.00
2021,DEC,STATE,5,7,TOTAL,369600000.00
2021,DEC,STATE,6,7,TOTAL,322600000.00
2021,DEC,STATE,8,7,TOTAL,124700000.00
2021,DEC,STATE,13,7,TOTAL,440800000.00
2021,DEC,STATE,17,7,TOTAL,160600000.00
2021,DEC,STATE,18,7,TOTAL,890000000.00
2021,DEC,STATE,19,7,TOTAL,1297900000.00
2021,DEC,STATE,21,7,TOTAL,127000000.00
2021,DEC,STATE,24,7,TOTAL,59000000.00
2021,DEC,STATE,26,7,TOTAL,403300000.00
2021,DEC,STATE,27,7,TOTAL,212000000.00
2021,DEC,STATE,28,7,TOTAL,120500000.00
2021,DEC,STATE,29,7,TOTAL,338200000.00
2021,DEC,STATE,31,7,TOTAL,204500000.00
2021,DEC,STATE,36,7,TOTAL,149800000.00
2021,DEC,STATE,37,7,TOTAL,345100000.00
2021,DEC,STATE,39,7,TOTAL,987400000.00
2021,DEC,STATE,40,7,TOTAL,49900000.00
2021,DEC,STATE,41,7,TOTAL,56200000.00
2021,DEC,STATE,,7,TOTAL,768200000.00
2021,DEC,STATE,42,7,TOTAL,817800000.00
2021,DEC,STATE,45,7,TOTAL,88600000.00
2021,DEC,STATE,46,7,TOTAL,52600000.00
2021,DEC,STATE,48,7,TOTAL,585300000.00
2021,DEC,STATE,49,7,TOTAL,166500000.00
2021,DEC,STATE,51,7,TOTAL,61300000.00
2021,DEC,STATE,53,7,TOTAL,180200000.00
2021,DEC,STATE,55,7,TOTAL,183600000.00
2021,FEB,STATE,1,7,TOTAL,179500000.00
2021,FEB,STATE,5,7,TOTAL,322300000.00
2021,FEB,STATE,6,7,TOTAL,302900000.00
2021,FEB,STATE,8,7,TOTAL,133700000.00
2021,FEB,STATE,13,7,TOTAL,393400000.00
2021,FEB,STATE,17,7,TOTAL,153700000.00
2021,FEB,STATE,18,7,TOTAL,800400000.00
2021,FEB,STATE,19,7,TOTAL,1125300000.00
2021,FEB,STATE,21,7,TOTAL,122900000.00
2021,FEB,STATE,24,7,TOTAL,58500000.00
2021,FEB,STATE,26,7,TOTAL,351400000.00
2021,FEB,STATE,27,7,TOTAL,184700000.00
2021,FEB,STATE,28,7,TOTAL,107200000.00
2021,FEB,STATE,29,7,TOTAL,309500000.00
2021,FEB,STATE,31,7,TOTAL,188400000.00
2021,FEB,STATE,36,7,TOTAL,136900000.00
2021,FEB,STATE,37,7,TOTAL,321200000.00
2021,FEB,STATE,39,7,TOTAL,865500000.00
2021,FEB,STATE,40,7,TOTAL,47100000.00
2021,FEB,STATE,41,7,TOTAL,42700000.00
2021,FEB,STATE,,7,TOTAL,673700000.00
2021,FEB,STATE,42,7,TOTAL,628700000.00
2021,FEB,STATE,45,7,TOTAL,73200000.00
2021,FEB,STATE,46,7,TOTAL,58700000.00
2021,FEB,STATE,48,7,TOTAL,490300000.00
2021,FEB,STATE,49,7,TOTAL,131400000.00
2021,FEB,STATE,51,7,TOTAL,56500000.00
2021,FEB,STATE,53,7,TOTAL,150400000.00
2021,FEB,STATE,55,7,TOTAL,172700000.00
2021,JAN,STATE,1,7,TOTAL,200900000.00
2021,JAN,STATE,5,7,TOTAL,352100000.00
2021,JAN,STATE,6,7,TOTAL,342500000.00
2021,JAN,STATE,8,7,TOTAL,148800000.00
2021,JAN,STATE,13,7,TOTAL,437600000.00
2021,JAN,STATE,17,7,TOTAL,169000000.00
2021,JAN,STATE,18,7,TOTAL,890800000.00
2021,JAN,STATE,19,7,TOTAL,1268200000.00
2021,JAN,STATE,21,7,TOTAL,133400000.00
2021,JAN,STATE,24,7,TOTAL,65500000.00
2021,JAN,STATE,26,7,TOTAL,380800000.00
2021,JAN,STATE,27,7,TOTAL,210100000.00
2021,JAN,STATE,28,7,TOTAL,118800000.00
2021,JAN,STATE,29,7,TOTAL,341700000.00
2021,JAN,STATE,31,7,TOTAL,203500000.00
2021,JAN,STATE,36,7,TOTAL,148000000.00
2021,JAN,STATE,37,7,TOTAL,362900000.00
2021,JAN,STATE,39,7,TOTAL,926900000.00
2021,JAN,STATE,40,7,TOTAL,52400000.00
2021,JAN,STATE,41,7,TOTAL,49500000.00
2021,JAN,STATE,,7,TOTAL,748800000.00
2021,JAN,STATE,42,7,TOTAL,710800000.00
2021,JAN,STATE,45,7,TOTAL,80300000.00
2021,JAN,STATE,46,7,TOTAL,68900000.00
2021,JAN,STATE,48,7,TOTAL,560000000.00
2021,JAN,STATE,49,7,TOTAL,137900000.00
2021,JAN,STATE,51,7,TOTAL,62100000.00
2021,JAN,STATE,53,7,TOTAL,175300000.00
2021,JAN,STATE,55,7,TOTAL,187200000.00
2021,JUL,STATE,1,7,TOTAL,209100000.00
2021,JUL,STATE,5,7,TOTAL,347500000.00
2021,JUL,STATE,6,7,TOTAL,351000000.00
2021,JUL,STATE,8,7,TOTAL,127400000.00
2021,JUL,STATE,13,7,TOTAL,416400000.00
2021,JUL,STATE,17,7,TOTAL,161800000.00
2021,JUL,STATE,18,7,TOTAL,887400000.00
2021,JUL,STATE,19,7,TOTAL,1274700000.00
2021,JUL,STATE,21,7,TOTAL,118300000.00
2021,JUL,STATE,24,7,TOTAL,62700000.00
2021,JUL,STATE,26,7,TOTAL,381100000.00
2021,JUL,STATE,27,7,TOTAL,204000000.00
2021,JUL,STATE,28,7,TOTAL,116300000.00
2021,JUL,STATE,29,7,TOTAL,328200000.00
2021,JUL,STATE,31,7,TOTAL,200500000.00
2021,JUL,STATE,36,7,TOTAL,146800000.00
2021,JUL,STATE,37,7,TOTAL,338900000.00
2021,JUL,STATE,39,7,TOTAL,924700000.00
2021,JUL,STATE,40,7,TOTAL,43400000.00
2021,JUL,STATE,41,7,TOTAL,55000000.00
2021,JUL,STATE,,7,TOTAL,712300000.00
2021,JUL,STATE,42,7,TOTAL,677900000.00
2021,JUL,STATE,45,7,TOTAL,75200000.00
2021,JUL,STATE,46,7,TOTAL,52400000.00
2021,JUL,STATE,48,7,TOTAL,522400000.00
2021,JUL,STATE,49,7,TOTAL,149800000.00
2021,JUL,STATE,51,7,TOTAL,59900000.00
2021,JUL,STATE,53,7,TOTAL,172500000.00
2021,JUL,STATE,55,7,TOTAL,181100000.00
2021,JUN,STATE,1,7,TOTAL,201600000.00
2021,JUN,STATE,5,7,TOTAL,352700000.00
2021,JUN,STATE,6,7,TOTAL,335600000.00
2021,JUN,STATE,8,7,TOTAL,123100000.00
2021,JUN,STATE,13,7,TOTAL,401300000.00
2021,JUN,STATE,17,7,TOTAL,148500000.00
2021,JUN,STATE,18,7,TOTAL,854500000.00
2021,JUN,STATE,19,7,TOTAL,1220200000.00
2021,JUN,STATE,21,7,TOTAL,118400000.00
2021,JUN,STATE,24,7,TOTAL,62700000.00
2021,JUN,STATE,26,7,TOTAL,362900000.00
2021,JUN,STATE,27,7,TOTAL,194200000.00
2021,JUN,STATE,28,7,TOTAL,110500000.00
2021,JUN,STATE,29,7,TOTAL,320000000.00
2021,JUN,STATE,31,7,TOTAL,191200000.00
2021,JUN,STATE,36,7,TOTAL,141400000.00
2021,JUN,STATE,37,7,TOTAL,330600000.00
2021,JUN,STATE,39,7,TOTAL,886000000.00
2021,JUN,STATE,40,7,TOTAL,39800000.00
2021,JUN,STATE,41,7,TOTAL,50700000.00
2021,JUN,STATE,,7,TOTAL,692000000.00
2021,JUN,STATE,42,7,TOTAL,643300000.00
2021,JUN,STATE,45,7,TOTAL,73500000.00
2021,JUN,STATE,46,7,TOTAL,54400000.00
2021,JUN,STATE,48,7,TOTAL,511700000.00
2021,JUN,STATE,49,7,TOTAL,143500000.00
2021,JUN,STATE,51,7,TOTAL,61600000.00
2021,JUN,STATE,53,7,TOTAL,162900000.00
2021,JUN,STATE,55,7,TOTAL,185300000.00
2021,MAR,STATE,1,7,TOTAL,201300000.00
2021,MAR,STATE,5,7,TOTAL,368200000.00
2021,MAR,STATE,6,7,TOTAL,334900000.00
2021,MAR,STATE,8,7,TOTAL,139700000.00
2021,MAR,STATE,13,7,TOTAL,436000000.00
2021,MAR,STATE,17,7,TOTAL,173000000.00
2021,MAR,STATE,18,7,TOTAL,888000000.00
2021,MAR,STATE,19,7,TOTAL,1252200000.00
2021,MAR,STATE,21,7,TOTAL,137100000.00
2021,MAR,STATE,24,7,TOTAL,64300000.00
2021,MAR,STATE,26,7,TOTAL,389900000.00
2021,MAR,STATE,27,7,TOTAL,204000000.00
2021,MAR,STATE,28,7,TOTAL,120600000.00
2021,MAR,STATE,29,7,TOTAL,342800000.00
2021,MAR,STATE,31,7,TOTAL,209900000.00
2021,MAR,STATE,36,7,TOTAL,149900000.00
2021,MAR,STATE,37,7,TOTAL,349800000.00
2021,MAR,STATE,39,7,TOTAL,968000000.00
2021,MAR,STATE,40,7,TOTAL,50600000.00
2021,MAR,STATE,41,7,TOTAL,51700000.00
2021,MAR,STATE,,7,TOTAL,733600000.00
2021,MAR,STATE,42,7,TOTAL,687300000.00
2021,MAR,STATE,45,7,TOTAL,84400000.00
2021,MAR,STATE,46,7,TOTAL,60700000.00
2021,MAR,STATE,48,7,TOTAL,550600000.00
2021,MAR,STATE,49,7,TOTAL,148000000.00
2021,MAR,STATE,51,7,TOTAL,61700000.00
2021,MAR,STATE,53,7,TOTAL,171500000.00
2021,MAR,STATE,55,7,TOTAL,191800000.00
2021,MARKETING YEAR,STATE,1,7,TOTAL,2415600000.00
2021,MARKETING YEAR,STATE,5,7,TOTAL,4256800000.00
2021,MARKETING YEAR,STATE,6,7,TOTAL,4019600000.00
2021,MARKETING YEAR,STATE,8,7,TOTAL,1555600000.00
2021,MARKETING YEAR,STATE,13,7,TOTAL,5061900000.00
2021,MARKETING YEAR,STATE,17,7,TOTAL,1939600000.00
2021,MARKETING YEAR,STATE,18,7,TOTAL,10602000000.00
2021,MARKETING YEAR,STATE,19,7,TOTAL,14980200000.00
2021,MARKETING YEAR,STATE,21,7,TOTAL,1505600000.00
2021,MARKETING YEAR,STATE,22,7,TOTAL,481800000.00
2021,MARKETING YEAR,STATE,24,7,TOTAL,750100000.00
2021,MARKETING YEAR,STATE,25,7,TOTAL,40900000.00
2021,MARKETING YEAR,STATE,26,7,TOTAL,4538400000.00
2021,MARKETING YEAR,STATE,27,7,TOTAL,2444200000.00
2021,MARKETING YEAR,STATE,28,7,TOTAL,1376300000.00
2021,MARKETING YEAR,STATE,29,7,TOTAL,3969800000.00
2021,MARKETING YEAR,STATE,30,7,TOTAL,362800000.00
2021,MARKETING YEAR,STATE,31,7,TOTAL,2395900000.00
2021,MARKETING YEAR,STATE,36,7,TOTAL,1747800000.00
2021,MARKETING YEAR,STATE,37,7,TOTAL,4098000000.00
2021,MARKETING YEAR,STATE,39,7,TOTAL,11078300000.00
2021,MARKETING YEAR,STATE,40,7,TOTAL,564400000.00
2021,MARKETING YEAR,STATE,41,7,TOTAL,621600000.00
2021,MARKETING YEAR,STATE,,7,TOTAL,7034400000.00
2021,MARKETING YEAR,STATE,42,7,TOTAL,8106600000.00
2021,MARKETING YEAR,STATE,45,7,TOTAL,937800000.00
2021,MARKETING YEAR,STATE,46,7,TOTAL,699400000.00
2021,MARKETING YEAR,STATE,47,7,TOTAL,377400000.00
2021,MARKETING YEAR,STATE,48,7,TOTAL,6425000000.00
2021,MARKETING YEAR,STATE,49,7,TOTAL,1737700000.00
2021,MARKETING YEAR,STATE,50,7,TOTAL,62600000.00
2021,MARKETING YEAR,STATE,51,7,TOTAL,710700000.00
2021,MARKETING YEAR,STATE,53,7,TOTAL,2016300000.00
2021,MARKETING YEAR,STATE,54,7,TOTAL,298200000.00
2021,MARKETING YEAR,STATE,55,7,TOTAL,2182000000.00
2021,MAY,STATE,1,7,TOTAL,201200000.00
2021,MAY,STATE,5,7,TOTAL,377100000.00
2021,MAY,STATE,6,7,TOTAL,341500000.00
2021,MAY,STATE,8,7,TOTAL,128000000.00
2021,MAY,STATE,13,7,TOTAL,423300000.00
2021,MAY,STATE,17,7,TOTAL,158800000.00
2021,MAY,STATE,18,7,TOTAL,899200000.00
2021,MAY,STATE,19,7,TOTAL,1267200000.00
2021,MAY,STATE,21,7,TOTAL,126000000.00
2021,MAY,STATE,24,7,TOTAL,65400000.00
2021,MAY,STATE,26,7,TOTAL,370900000.00
2021,MAY,STATE,27,7,TOTAL,204900000.00
2021,MAY,STATE,28,7,TOTAL,116100000.00
2021,MAY,STATE,29,7,TOTAL,336600000.00
2021,MAY,STATE,31,7,TOTAL,195600000.00
2021,MAY,STATE,36,7,TOTAL,147800000.00
2021,MAY,STATE,37,7,TOTAL,355900000.00
2021,MAY,STATE,39,7,TOTAL,913700000.00
2021,MAY,STATE,40,7,TOTAL,43500000.00
2021,MAY,STATE,41,7,TOTAL,49400000.00
2021,MAY,STATE,,7,TOTAL,719900000.00
2021,MAY,STATE,42,7,TOTAL,657400000.00
2021,MAY,STATE,45,7,TOTAL,76300000.00
2021,MAY,STATE,46,7,TOTAL,60700000.00
2021,MAY,STATE,48,7,TOTAL,531500000.00
2021,MAY,STATE,49,7,TOTAL,146000000.00
2021,MAY,STATE,51,7,TOTAL,64300000.00
2021,MAY,STATE,53,7,TOTAL,166100000.00
2021,MAY,STATE,55,7,TOTAL,191200000.00
2021,NOV,STATE,1,7,TOTAL,204700000.00
2021,NOV,STATE,5,7,TOTAL,356600000.00
2021,NOV,STATE,6,7,TOTAL,324500000.00
2021,NOV,STATE,8,7,TOTAL,120300000.00
2021,NOV,STATE,13,7,TOTAL,432700000.00
2021,NOV,STATE,17,7,TOTAL,155700000.00
2021,NOV,STATE,18,7,TOTAL,888200000.00
2021,NOV,STATE,19,7,TOTAL,1261400000.00
2021,NOV,STATE,21,7,TOTAL,120400000.00
2021,NOV,STATE,24,7,TOTAL,58600000.00
2021,NOV,STATE,26,7,TOTAL,390700000.00
2021,NOV,STATE,27,7,TOTAL,202600000.00
2021,NOV,STATE,28,7,TOTAL,113200000.00
2021,NOV,STATE,29,7,TOTAL,320300000.00
2021,NOV,STATE,31,7,TOTAL,198400000.00
2021,NOV,STATE,36,7,TOTAL,143700000.00
2021,NOV,STATE,37,7,TOTAL,330600000.00
2021,NOV,STATE,39,7,TOTAL,942400000.00
2021,NOV,STATE,40,7,TOTAL,47200000.00
2021,NOV,STATE,41,7,TOTAL,55400000.00
2021,NOV,STATE,,7,TOTAL,731500000.00
2021,NOV,STATE,42,7,TOTAL,723600000.00
2021,NOV,STATE,45,7,TOTAL,82200000.00
2021,NOV,STATE,46,7,TOTAL,54100000.00
2021,NOV,STATE,48,7,TOTAL,557300000.00
2021,NOV,STATE,49,7,TOTAL,153100000.00
2021,NOV,STATE,51,7,TOTAL,57100000.00
2021,NOV,STATE,53,7,TOTAL,165400000.00
2021,NOV,STATE,55,7,TOTAL,180300000.00
2021,OCT,STATE,1,7,TOTAL,210500000.00
2021,OCT,STATE,5,7,TOTAL,367300000.00
2021,OCT,STATE,6,7,TOTAL,336400000.00
2021,OCT,STATE,8,7,TOTAL,121300000.00
2021,OCT,STATE,13,7,TOTAL,436200000.00
2021,OCT,STATE,17,7,TOTAL,159500000.00
2021,OCT,STATE,18,7,TOTAL,925400000.00
2021,OCT,STATE,19,7,TOTAL,1287500000.00
2021,OCT,STATE,21,7,TOTAL,124700000.00
2021,OCT,STATE,24,7,TOTAL,61800000.00
2021,OCT,STATE,26,7,TOTAL,407100000.00
2021,OCT,STATE,27,7,TOTAL,212600000.00
2021,OCT,STATE,28,7,TOTAL,115100000.00
2021,OCT,STATE,29,7,TOTAL,335200000.00
2021,OCT,STATE,31,7,TOTAL,204900000.00
2021,OCT,STATE,36,7,TOTAL,148400000.00
2021,OCT,STATE,37,7,TOTAL,336800000.00
2021,OCT,STATE,39,7,TOTAL,964800000.00
2021,OCT,STATE,40,7,TOTAL,48200000.00
2021,OCT,STATE,41,7,TOTAL,55900000.00
2021,OCT,STATE,,7,TOTAL,747600000.00
2021,OCT,STATE,42,7,TOTAL,674800000.00
2021,OCT,STATE,45,7,TOTAL,81300000.00
2021,OCT,STATE,46,7,TOTAL,58500000.00
2021,OCT,STATE,48,7,TOTAL,549500000.00
2021,OCT,STATE,49,7,TOTAL,153100000.00
2021,OCT,STATE,51,7,TOTAL,55200000.00
2021,OCT,STATE,53,7,TOTAL,172300000.00
2021,OCT,STATE,55,7,TOTAL,182100000.00
2021,SEP,STATE,1,7,TOTAL,202000000.00
2021,SEP,STATE,5,7,TOTAL,352400000.00
2021,SEP,STATE,6,7,TOTAL,326700000.00
2021,SEP,STATE,8,7,TOTAL,116300000.00
2021,SEP,STATE,13,7,TOTAL,404300000.00
2021,SEP,STATE,17,7,TOTAL,154800000.00
2021,SEP,STATE,18,7,TOTAL,889200000.00
2021,SEP,STATE,19,7,TOTAL,1234100000.00
2021,SEP,STATE,21,7,TOTAL,121900000.00
2021,SEP,STATE,24,7,TOTAL,60200000.00
2021,SEP,STATE,26,7,TOTAL,379600000.00
2021,SEP,STATE,27,7,TOTAL,202700000.00
2021,SEP,STATE,28,7,TOTAL,110500000.00
2021,SEP,STATE,29,7,TOTAL,328300000.00
2021,SEP,STATE,31,7,TOTAL,199000000.00
2021,SEP,STATE,36,7,TOTAL,144200000.00
2021,SEP,STATE,37,7,TOTAL,324900000.00
2021,SEP,STATE,39,7,TOTAL,922800000.00
2021,SEP,STATE,40,7,TOTAL,46500000.00
2021,SEP,STATE,41,7,TOTAL,50900000.00
2021,SEP,STATE,,7,TOTAL,714300000.00
2021,SEP,STATE,42,7,TOTAL,657000000.00
2021,SEP,STATE,45,7,TOTAL,73900000.00
2021,SEP,STATE,46,7,TOTAL,52700000.00
2021,SEP,STATE,48,7,TOTAL,520400000.00
2021,SEP,STATE,49,7,TOTAL,148900000.00
2021,SEP,STATE,51,7,TOTAL,52300000.00
2021,SEP,STATE,53,7,TOTAL,165700000.00
2021,SEP,STATE,55,7,TOTAL,167000000.00
2020,APR,STATE,1,7,TOTAL,199000000.00
2020,APR,STATE,5,7,TOTAL,303900000.00
2020,APR,STATE,6,7,TOTAL,328800000.00
2020,APR,STATE,8,7,TOTAL,135400000.00
2020,APR,STATE,13,7,TOTAL,420100000.00
2020,APR,STATE,17,7,TOTAL,162000000.00
2020,APR,STATE,18,7,TOTAL,843800000.00
2020,APR,STATE,19,7,TOTAL,1240500000.00
2020,APR,STATE,21,7,TOTAL,131400000.00
2020,APR,STATE,24,7,TOTAL,65100000.00
2020,APR,STATE,26,7,TOTAL,353500000.00
2020,APR,STATE,27,7,TOTAL,214700000.00
2020,APR,STATE,28,7,TOTAL,118400000.00
2020,APR,STATE,29,7,TOTAL,323300000.00
2020,APR,STATE,31,7,TOTAL,186200000.00
2020,APR,STATE,36,7,TOTAL,139500000.00
2020,APR,STATE,37,7,TOTAL,329200000.00
2020,APR,STATE,39,7,TOTAL,808800000.00
2020,APR,STATE,40,7,TOTAL,55300000.00
2020,APR,STATE,41,7,TOTAL,56700000.00
2020,APR,STATE,,7,TOTAL,746900000.00
2020,APR,STATE,42,7,TOTAL,744100000.00
2020,APR,STATE,45,7,TOTAL,85100000.00
2020,APR,STATE,46,7,TOTAL,67700000.00
2020,APR,STATE,48,7,TOTAL,523300000.00
2020,APR,STATE,49,7,TOTAL,116200000.00
2020,APR,STATE,51,7,TOTAL,55000000.00
2020,APR,STATE,53,7,TOTAL,173100000.00
2020,APR,STATE,55,7,TOTAL,190900000.00
2020,AUG,STATE,1,7,TOTAL,207600000.00
2020,AUG,STATE,5,7,TOTAL,335100000.00
2020,AUG,STATE,6,7,TOTAL,319200000.00
2020,AUG,STATE,8,7,TOTAL,129300000.00
2020,AUG,STATE,13,7,TOTAL,447800000.00
2020,AUG,STATE,17,7,TOTAL,169600000.00
2020,AUG,STATE,18,7,TOTAL,872400000.00
2020,AUG,STATE,19,7,TOTAL,1281100000.00
2020,AUG,STATE,21,7,TOTAL,135000000.00
2020,AUG,STATE,24,7,TOTAL,66400000.00
2020,AUG,STATE,26,7,TOTAL,367400000.00
2020,AUG,STATE,27,7,TOTAL,213900000.00
2020,AUG,STATE,28,7,TOTAL,117300000.00
2020,AUG,STATE,29,7,TOTAL,343600000.00
2020,AUG,STATE,31,7,TOTAL,214400000.00
2020,AUG,STATE,36,7,TOTAL,149100000.00
2020,AUG,STATE,37,7,TOTAL,348600000.00
2020,AUG,STATE,39,7,TOTAL,853500000.00
2020,AUG,STATE,40,7,TOTAL,49900000.00
2020,AUG,STATE,41,7,TOTAL,53900000.00
2020,AUG,STATE,,7,TOTAL,751100000.00
2020,AUG,STATE,42,7,TOTAL,752700000.00
2020,AUG,STATE,45,7,TOTAL,82500000.00
2020,AUG,STATE,46,7,TOTAL,72000000.00
2020,AUG,STATE,48,7,TOTAL,522600000.00
2020,AUG,STATE,49,7,TOTAL,120100000.00
2020,AUG,STATE,51,7,TOTAL,54900000.00
2020,AUG,STATE,53,7,TOTAL,175800000.00
2020,AUG,STATE,55,7,TOTAL,192100000.00
2020,DEC,STATE,1,7,TOTAL,204400000.00
2020,DEC,STATE,5,7,TOTAL,345400000.00
2020,DEC,STATE,6,7,TOTAL,349700000.00
2020,DEC,STATE,8,7,TOTAL,143300000.00
2020,DEC,STATE,13,7,TOTAL,443500000.00
2020,DEC,STATE,17,7,TOTAL,174100000.00
2020,DEC,STATE,18,7,TOTAL,902800000.00
2020,DEC,STATE,19,7,TOTAL,1277100000.00
2020,DEC,STATE,21,7,TOTAL,135000000.00
2020,DEC,STATE,24,7,TOTAL,65900000.00
2020,DEC,STATE,26,7,TOTAL,376300000.00
2020,DEC,STATE,27,7,TOTAL,215700000.00
2020,DEC,STATE,28,7,TOTAL,115300000.00
2020,DEC,STATE,29,7,TOTAL,341900000.00
2020,DEC,STATE,31,7,TOTAL,203600000.00
2020,DEC,STATE,36,7,TOTAL,149500000.00
2020,DEC,STATE,37,7,TOTAL,362700000.00
2020,DEC,STATE,39,7,TOTAL,916800000.00
2020,DEC,STATE,40,7,TOTAL,52300000.00
2020,DEC,STATE,41,7,TOTAL,55400000.00
2020,DEC,STATE,,7,TOTAL,763900000.00
2020,DEC,STATE,42,7,TOTAL,714300000.00
2020,DEC,STATE,45,7,TOTAL,84300000.00
2020,DEC,STATE,46,7,TOTAL,68500000.00
2020,DEC,STATE,48,7,TOTAL,574300000.00
2020,DEC,STATE,49,7,TOTAL,132800000.00
2020,DEC,STATE,51,7,TOTAL,63100000.00
2020,DEC,STATE,53,7,TOTAL,176700000.00
2020,DEC,STATE,55,7,TOTAL,190400000.00
2020,FEB,STATE,1,7,TOTAL,191600000.00
2020,FEB,STATE,5,7,TOTAL,292600000.00
2020,FEB,STATE,6,7,TOTAL,322900000.00
2020,FEB,STATE,8,7,TOTAL,126700000.00
2020,FEB,STATE,13,7,TOTAL,395000000.00
2020,FEB,STATE,17,7,TOTAL,144900000.00
2020,FEB,STATE,18,7,TOTAL,833200000.00
2020,FEB,STATE,19,7,TOTAL,1342000000.00
2020,FEB,STATE,21,7,TOTAL,120300000.00
2020,FEB,STATE,24,7,TOTAL,63800000.00
2020,FEB,STATE,26,7,TOTAL,334000000.00
2020,FEB,STATE,27,7,TOTAL,202500000.00
2020,FEB,STATE,28,7,TOTAL,110300000.00
2020,FEB,STATE,29,7,TOTAL,317000000.00
2020,FEB,STATE,31,7,TOTAL,206100000.00
2020,FEB,STATE,36,7,TOTAL,137600000.00
2020,FEB,STATE,37,7,TOTAL,321800000.00
2020,FEB,STATE,39,7,TOTAL,830700000.00
2020,FEB,STATE,40,7,TOTAL,54500000.00
2020,FEB,STATE,41,7,TOTAL,56700000.00
2020,FEB,STATE,,7,TOTAL,715200000.00
2020,FEB,STATE,42,7,TOTAL,730000000.00
2020,FEB,STATE,45,7,TOTAL,84100000.00
2020,FEB,STATE,46,7,TOTAL,64900000.00
2020,FEB,STATE,48,7,TOTAL,472100000.00
2020,FEB,STATE,49,7,TOTAL,107200000.00
2020,FEB,STATE,51,7,TOTAL,57200000.00
2020,FEB,STATE,53,7,TOTAL,159800000.00
2020,FEB,STATE,55,7,TOTAL,169600000.00
2020,JAN,STATE,1,7,TOTAL,205100000.00
2020,JAN,STATE,5,7,TOTAL,313000000.00
2020,JAN,STATE,6,7,TOTAL,343700000.00
2020,JAN,STATE,8,7,TOTAL,137200000.00
2020,JAN,STATE,13,7,TOTAL,419900000.00
2020,JAN,STATE,17,7,TOTAL,144300000.00
2020,JAN,STATE,18,7,TOTAL,907000000.00
2020,JAN,STATE,19,7,TOTAL,1458400000.00
2020,JAN,STATE,21,7,TOTAL,129300000.00
2020,JAN,STATE,24,7,TOTAL,69000000.00
2020,JAN,STATE,26,7,TOTAL,360100000.00
2020,JAN,STATE,27,7,TOTAL,224900000.00
2020,JAN,STATE,28,7,TOTAL,118200000.00
2020,JAN,STATE,29,7,TOTAL,330600000.00
2020,JAN,STATE,31,7,TOTAL,227900000.00
2020,JAN,STATE,36,7,TOTAL,147500000.00
2020,JAN,STATE,37,7,TOTAL,353700000.00
2020,JAN,STATE,39,7,TOTAL,894000000.00
2020,JAN,STATE,40,7,TOTAL,58300000.00
2020,JAN,STATE,41,7,TOTAL,63300000.00
2020,JAN,STATE,,7,TOTAL,774800000.00
2020,JAN,STATE,42,7,TOTAL,780900000.00
2020,JAN,STATE,45,7,TOTAL,89000000.00
2020,JAN,STATE,46,7,TOTAL,70000000.00
2020,JAN,STATE,48,7,TOTAL,510200000.00
2020,JAN,STATE,49,7,TOTAL,120600000.00
2020,JAN,STATE,51,7,TOTAL,64800000.00
2020,JAN,STATE,53,7,TOTAL,174400000.00
2020,JAN,STATE,55,7,TOTAL,194300000.00
2020,JUL,STATE,1,7,TOTAL,214400000.00
2020,JUL,STATE,5,7,TOTAL,323600000.00
2020,JUL,STATE,6,7,TOTAL,323500000.00
2020,JUL,STATE,8,7,TOTAL,125500000.00
2020,JUL,STATE,13,7,TOTAL,441400000.00
2020,JUL,STATE,17,7,TOTAL,166300000.00
2020,JUL,STATE,18,7,TOTAL,862800000.00
2020,JUL,STATE,19,7,TOTAL,1270300000.00
2020,JUL,STATE,21,7,TOTAL,134200000.00
2020,JUL,STATE,24,7,TOTAL,66700000.00
2020,JUL,STATE,26,7,TOTAL,367500000.00
2020,JUL,STATE,27,7,TOTAL,202000000.00
2020,JUL,STATE,28,7,TOTAL,116700000.00
2020,JUL,STATE,29,7,TOTAL,350000000.00
2020,JUL,STATE,31,7,TOTAL,198500000.00
2020,JUL,STATE,36,7,TOTAL,147300000.00
2020,JUL,STATE,37,7,TOTAL,347600000.00
2020,JUL,STATE,39,7,TOTAL,862200000.00
2020,JUL,STATE,40,7,TOTAL,50100000.00
2020,JUL,STATE,41,7,TOTAL,55900000.00
2020,JUL,STATE,,7,TOTAL,750100000.00
2020,JUL,STATE,42,7,TOTAL,768000000.00
2020,JUL,STATE,45,7,TOTAL,81600000.00
2020,JUL,STATE,46,7,TOTAL,70500000.00
2020,JUL,STATE,48,7,TOTAL,516700000.00
2020,JUL,STATE,49,7,TOTAL,119600000.00
2020,JUL,STATE,51,7,TOTAL,58700000.00
2020,JUL,STATE,53,7,TOTAL,177500000.00
2020,JUL,STATE,55,7,TOTAL,197000000.00
2020,JUN,STATE,1,7,TOTAL,206000000.00
2020,JUN,STATE,5,7,TOTAL,300500000.00
2020,JUN,STATE,6,7,TOTAL,311000000.00
2020,JUN,STATE,8,7,TOTAL,130100000.00
2020,JUN,STATE,13,7,TOTAL,388900000.00
2020,JUN,STATE,17,7,TOTAL,156100000.00
2020,JUN,STATE,18,7,TOTAL,814300000.00
2020,JUN,STATE,19,7,TOTAL,1185700000.00
2020,JUN,STATE,21,7,TOTAL,128400000.00
2020,JUN,STATE,24,7,TOTAL,64900000.00
2020,JUN,STATE,26,7,TOTAL,347100000.00
2020,JUN,STATE,27,7,TOTAL,189100000.00
2020,JUN,STATE,28,7,TOTAL,111200000.00
2020,JUN,STATE,29,7,TOTAL,336800000.00
2020,JUN,STATE,31,7,TOTAL,169700000.00
2020,JUN,STATE,36,7,TOTAL,142900000.00
2020,JUN,STATE,37,7,TOTAL,328900000.00
2020,JUN,STATE,39,7,TOTAL,792500000.00
2020,JUN,STATE,40,7,TOTAL,49000000.00
2020,JUN,STATE,41,7,TOTAL,55500000.00
2020,JUN,STATE,,7,TOTAL,729700000.00
2020,JUN,STATE,42,7,TOTAL,733900000.00
2020,JUN,STATE,45,7,TOTAL,79800000.00
2020,JUN,STATE,46,7,TOTAL,66300000.00
2020,JUN,STATE,48,7,TOTAL,500500000.00
2020,JUN,STATE,49,7,TOTAL,119800000.00
2020,JUN,STATE,51,7,TOTAL,61900000.00
2020,JUN,STATE,53,7,TOTAL,171500000.00
2020,JUN,STATE,55,7,TOTAL,187800000.00
2020,MAR,STATE,1,7,TOTAL,207000000.00
2020,MAR,STATE,5,7,TOTAL,306800000.00
2020,MAR,STATE,6,7,TOTAL,343200000.00
2020,MAR,STATE,8,7,TOTAL,134800000.00
2020,MAR,STATE,13,7,TOTAL,429600000.00
2020,MAR,STATE,17,7,TOTAL,166000000.00
2020,MAR,STATE,18,7,TOTAL,881500000.00
2020,MAR,STATE,19,7,TOTAL,1384600000.00
2020,MAR,STATE,21,7,TOTAL,131700000.00
2020,MAR,STATE,24,7,TOTAL,68000000.00
2020,MAR,STATE,26,7,TOTAL,363300000.00
2020,MAR,STATE,27,7,TOTAL,220600000.00
2020,MAR,STATE,28,7,TOTAL,121100000.00
2020,MAR,STATE,29,7,TOTAL,335200000.00
2020,MAR,STATE,31,7,TOTAL,214600000.00
2020,MAR,STATE,36,7,TOTAL,145500000.00
2020,MAR,STATE,37,7,TOTAL,336400000.00
2020,MAR,STATE,39,7,TOTAL,895900000.00
2020,MAR,STATE,40,7,TOTAL,57300000.00
2020,MAR,STATE,41,7,TOTAL,58200000.00
2020,MAR,STATE,,7,TOTAL,765500000.00
2020,MAR,STATE,42,7,TOTAL,779400000.00
2020,MAR,STATE,45,7,TOTAL,87100000.00
2020,MAR,STATE,46,7,TOTAL,70600000.00
2020,MAR,STATE,48,7,TOTAL,523000000.00
2020,MAR,STATE,49,7,TOTAL,115100000.00
2020,MAR,STATE,51,7,TOTAL,57300000.00
2020,MAR,STATE,53,7,TOTAL,173200000.00
2020,MAR,STATE,55,7,TOTAL,187800000.00
2020,MARKETING YEAR,STATE,1,7,TOTAL,2439100000.00
2020,MARKETING YEAR,STATE,5,7,TOTAL,3819400000.00
2020,MARKETING YEAR,STATE,6,7,TOTAL,3932900000.00
2020,MARKETING YEAR,STATE,8,7,TOTAL,1604400000.00
2020,MARKETING YEAR,STATE,13,7,TOTAL,5094000000.00
2020,MARKETING YEAR,STATE,17,7,TOTAL,1911200000.00
2020,MARKETING YEAR,STATE,18,7,TOTAL,10386500000.00
2020,MARKETING YEAR,STATE,19,7,TOTAL,15545100000.00
2020,MARKETING YEAR,STATE,21,7,TOTAL,1579600000.00
2020,MARKETING YEAR,STATE,22,7,TOTAL,517800000.00
2020,MARKETING YEAR,STATE,24,7,TOTAL,795700000.00
2020,MARKETING YEAR,STATE,25,7,TOTAL,42000000.00
2020,MARKETING YEAR,STATE,26,7,TOTAL,4330900000.00
2020,MARKETING YEAR,STATE,27,7,TOTAL,2558500000.00
2020,MARKETING YEAR,STATE,28,7,TOTAL,1391700000.00
2020,MARKETING YEAR,STATE,29,7,TOTAL,4001000000.00
2020,MARKETING YEAR,STATE,30,7,TOTAL,357100000.00
2020,MARKETING YEAR,STATE,31,7,TOTAL,2439800000.00
2020,MARKETING YEAR,STATE,36,7,TOTAL,1751100000.00
2020,MARKETING YEAR,STATE,37,7,TOTAL,4080200000.00
2020,MARKETING YEAR,STATE,39,7,TOTAL,10187600000.00
2020,MARKETING YEAR,STATE,40,7,TOTAL,632400000.00
2020,MARKETING YEAR,STATE,41,7,TOTAL,683500000.00
2020,MARKETING YEAR,STATE,,7,TOTAL,7400800000.00
2020,MARKETING YEAR,STATE,42,7,TOTAL,8958100000.00
2020,MARKETING YEAR,STATE,45,7,TOTAL,999900000.00
2020,MARKETING YEAR,STATE,46,7,TOTAL,829800000.00
2020,MARKETING YEAR,STATE,47,7,TOTAL,358900000.00
2020,MARKETING YEAR,STATE,48,7,TOTAL,6254000000.00
2020,MARKETING YEAR,STATE,49,7,TOTAL,1446500000.00
2020,MARKETING YEAR,STATE,50,7,TOTAL,60600000.00
2020,MARKETING YEAR,STATE,51,7,TOTAL,716300000.00
2020,MARKETING YEAR,STATE,53,7,TOTAL,2062600000.00
2020,MARKETING YEAR,STATE,54,7,TOTAL,290300000.00
2020,MARKETING YEAR,STATE,55,7,TOTAL,2275100000.00
2020,MAY,STATE,1,7,TOTAL,203700000.00
2020,MAY,STATE,5,7,TOTAL,313100000.00
2020,MAY,STATE,6,7,TOTAL,326200000.00
2020,MAY,STATE,8,7,TOTAL,144400000.00
2020,MAY,STATE,13,7,TOTAL,405800000.00
2020,MAY,STATE,17,7,TOTAL,159700000.00
2020,MAY,STATE,18,7,TOTAL,849000000.00
2020,MAY,STATE,19,7,TOTAL,1211300000.00
2020,MAY,STATE,21,7,TOTAL,134600000.00
2020,MAY,STATE,24,7,TOTAL,67500000.00
2020,MAY,STATE,26,7,TOTAL,359400000.00
2020,MAY,STATE,27,7,TOTAL,207700000.00
2020,MAY,STATE,28,7,TOTAL,118200000.00
2020,MAY,STATE,29,7,TOTAL,341000000.00
2020,MAY,STATE,31,7,TOTAL,166100000.00
2020,MAY,STATE,36,7,TOTAL,146700000.00
2020,MAY,STATE,37,7,TOTAL,338700000.00
2020,MAY,STATE,39,7,TOTAL,779700000.00
2020,MAY,STATE,40,7,TOTAL,54500000.00
2020,MAY,STATE,41,7,TOTAL,58400000.00
2020,MAY,STATE,,7,TOTAL,765300000.00
2020,MAY,STATE,42,7,TOTAL,755600000.00
2020,MAY,STATE,45,7,TOTAL,86700000.00
2020,MAY,STATE,46,7,TOTAL,68100000.00
2020,MAY,STATE,48,7,TOTAL,536700000.00
2020,MAY,STATE,49,7,TOTAL,125000000.00
2020,MAY,STATE,51,7,TOTAL,61100000.00
2020,MAY,STATE,53,7,TOTAL,176500000.00
2020,MAY,STATE,55,7,TOTAL,194900000.00
2020,NOV,STATE,1,7,TOTAL,199200000.00
2020,NOV,STATE,5,7,TOTAL,334500000.00
2020,NOV,STATE,6,7,TOTAL,332500000.00
2020,NOV,STATE,8,7,TOTAL,135900000.00
2020,NOV,STATE,13,7,TOTAL,436600000.00
2020,NOV,STATE,17,7,TOTAL,172300000.00
2020,NOV,STATE,18,7,TOTAL,877200000.00
2020,NOV,STATE,19,7,TOTAL,1227900000.00
2020,NOV,STATE,21,7,TOTAL,133500000.00
2020,NOV,STATE,24,7,TOTAL,63700000.00
2020,NOV,STATE,26,7,TOTAL,366100000.00
2020,NOV,STATE,27,7,TOTAL,214000000.00
2020,NOV,STATE,28,7,TOTAL,111500000.00
2020,NOV,STATE,29,7,TOTAL,336200000.00
2020,NOV,STATE,31,7,TOTAL,199100000.00
2020,NOV,STATE,36,7,TOTAL,147700000.00
2020,NOV,STATE,37,7,TOTAL,345700000.00
2020,NOV,STATE,39,7,TOTAL,871200000.00
2020,NOV,STATE,40,7,TOTAL,48900000.00
2020,NOV,STATE,41,7,TOTAL,55000000.00
2020,NOV,STATE,,7,TOTAL,748400000.00
2020,NOV,STATE,42,7,TOTAL,689200000.00
2020,NOV,STATE,45,7,TOTAL,79900000.00
2020,NOV,STATE,46,7,TOTAL,66400000.00
2020,NOV,STATE,48,7,TOTAL,554900000.00
2020,NOV,STATE,49,7,TOTAL,128800000.00
2020,NOV,STATE,51,7,TOTAL,62900000.00
2020,NOV,STATE,53,7,TOTAL,163300000.00
2020,NOV,STATE,55,7,TOTAL,188600000.00
2020,OCT,STATE,1,7,TOTAL,206300000.00
2020,OCT,STATE,5,7,TOTAL,349400000.00
2020,OCT,STATE,6,7,TOTAL,332800000.00
2020,OCT,STATE,8,7,TOTAL,137500000.00
2020,OCT,STATE,13,7,TOTAL,448500000.00
2020,OCT,STATE,17,7,TOTAL,169300000.00
2020,OCT,STATE,18,7,TOTAL,890300000.00
2020,OCT,STATE,19,7,TOTAL,1257200000.00
2020,OCT,STATE,21,7,TOTAL,139200000.00
2020,OCT,STATE,24,7,TOTAL,65500000.00
2020,OCT,STATE,26,7,TOTAL,380200000.00
2020,OCT,STATE,27,7,TOTAL,223200000.00
2020,OCT,STATE,28,7,TOTAL,116100000.00
2020,OCT,STATE,29,7,TOTAL,342200000.00
2020,OCT,STATE,31,7,TOTAL,211300000.00
2020,OCT,STATE,36,7,TOTAL,151300000.00
2020,OCT,STATE,37,7,TOTAL,347700000.00
2020,OCT,STATE,39,7,TOTAL,869500000.00
2020,OCT,STATE,40,7,TOTAL,48700000.00
2020,OCT,STATE,41,7,TOTAL,56200000.00
2020,OCT,STATE,,7,TOTAL,763000000.00
2020,OCT,STATE,42,7,TOTAL,724600000.00
2020,OCT,STATE,45,7,TOTAL,79200000.00
2020,OCT,STATE,46,7,TOTAL,70600000.00
2020,OCT,STATE,48,7,TOTAL,555600000.00
2020,OCT,STATE,49,7,TOTAL,129400000.00
2020,OCT,STATE,51,7,TOTAL,61700000.00
2020,OCT,STATE,53,7,TOTAL,170000000.00
2020,OCT,STATE,55,7,TOTAL,190700000.00
2020,SEP,STATE,1,7,TOTAL,200400000.00
2020,SEP,STATE,5,7,TOTAL,333000000.00
2020,SEP,STATE,6,7,TOTAL,312100000.00
2020,SEP,STATE,8,7,TOTAL,129200000.00
2020,SEP,STATE,13,7,TOTAL,429500000.00
2020,SEP,STATE,17,7,TOTAL,159800000.00
2020,SEP,STATE,18,7,TOTAL,843800000.00
2020,SEP,STATE,19,7,TOTAL,1217400000.00
2020,SEP,STATE,21,7,TOTAL,132800000.00
2020,SEP,STATE,24,7,TOTAL,63700000.00
2020,SEP,STATE,26,7,TOTAL,357200000.00
2020,SEP,STATE,27,7,TOTAL,214000000.00
2020,SEP,STATE,28,7,TOTAL,111200000.00
2020,SEP,STATE,29,7,TOTAL,327600000.00
2020,SEP,STATE,31,7,TOTAL,212400000.00
2020,SEP,STATE,36,7,TOTAL,145800000.00
2020,SEP,STATE,37,7,TOTAL,331200000.00
2020,SEP,STATE,39,7,TOTAL,808900000.00
2020,SEP,STATE,40,7,TOTAL,47900000.00
2020,SEP,STATE,41,7,TOTAL,53600000.00
2020,SEP,STATE,,7,TOTAL,729700000.00
2020,SEP,STATE,42,7,TOTAL,711900000.00
2020,SEP,STATE,45,7,TOTAL,79200000.00
2020,SEP,STATE,46,7,TOTAL,69700000.00
2020,SEP,STATE,48,7,TOTAL,513600000.00
2020,SEP,STATE,49,7,TOTAL,119500000.00
2020,SEP,STATE,51,7,TOTAL,55300000.00
2020,SEP,STATE,53,7,TOTAL,169800000.00
2020,SEP,STATE,55,7,TOTAL,181600000.00
2019,APR,STATE,1,7,TOTAL,189400000.00
2019,APR,STATE,5,7,TOTAL,299100000.00
2019,APR,STATE,6,7,TOTAL,311200000.00
2019,APR,STATE,8,7,TOTAL,122800000.00
2019,APR,STATE,13,7,TOTAL,426800000.00
2019,APR,STATE,17,7,TOTAL,149500000.00
2019,APR,STATE,18,7,TOTAL,843900000.00
2019,APR,STATE,19,7,TOTAL,1403100000.00
2019,APR,STATE,21,7,TOTAL,121800000.00
2019,APR,STATE,24,7,TOTAL,63600000.00
2019,APR,STATE,26,7,TOTAL,384200000.00
2019,APR,STATE,27,7,TOTAL,274200000.00
2019,APR,STATE,28,7,TOTAL,116700000.00
2019,APR,STATE,29,7,TOTAL,306200000.00
2019,APR,STATE,31,7,TOTAL,207400000.00
2019,APR,STATE,36,7,TOTAL,133200000.00
2019,APR,STATE,37,7,TOTAL,307800000.00
2019,APR,STATE,39,7,TOTAL,921800000.00
2019,APR,STATE,40,7,TOTAL,58600000.00
2019,APR,STATE,41,7,TOTAL,58700000.00
2019,APR,STATE,,7,TOTAL,763000000.00
2019,APR,STATE,42,7,TOTAL,715700000.00
2019,APR,STATE,45,7,TOTAL,90700000.00
2019,APR,STATE,46,7,TOTAL,71700000.00
2019,APR,STATE,48,7,TOTAL,513100000.00
2019,APR,STATE,49,7,TOTAL,121900000.00
2019,APR,STATE,51,7,TOTAL,61500000.00
2019,APR,STATE,53,7,TOTAL,170000000.00
2019,APR,STATE,55,7,TOTAL,174900000.00
2019,AUG,STATE,1,7,TOTAL,193600000.00
2019,AUG,STATE,5,7,TOTAL,304700000.00
2019,AUG,STATE,6,7,TOTAL,319100000.00
2019,AUG,STATE,8,7,TOTAL,124700000.00
2019,AUG,STATE,13,7,TOTAL,421600000.00
2019,AUG,STATE,17,7,TOTAL,163100000.00
2019,AUG,STATE,18,7,TOTAL,820800000.00
2019,AUG,STATE,19,7,TOTAL,1435000000.00
2019,AUG,STATE,21,7,TOTAL,123500000.00
2019,AUG,STATE,24,7,TOTAL,64200000.00
2019,AUG,STATE,26,7,TOTAL,355100000.00
2019,AUG,STATE,27,7,TOTAL,277800000.00
2019,AUG,STATE,28,7,TOTAL,116800000.00
2019,AUG,STATE,29,7,TOTAL,309200000.00
2019,AUG,STATE,31,7,TOTAL,235200000.00
2019,AUG,STATE,36,7,TOTAL,139900000.00
2019,AUG,STATE,37,7,TOTAL,326300000.00
2019,AUG,STATE,39,7,TOTAL,889200000.00
2019,AUG,STATE,40,7,TOTAL,60300000.00
2019,AUG,STATE,41,7,TOTAL,55700000.00
2019,AUG,STATE,,7,TOTAL,768900000.00
2019,AUG,STATE,42,7,TOTAL,754100000.00
2019,AUG,STATE,45,7,TOTAL,86700000.00
2019,AUG,STATE,46,7,TOTAL,72700000.00
2019,AUG,STATE,48,7,TOTAL,510400000.00
2019,AUG,STATE,49,7,TOTAL,119400000.00
2019,AUG,STATE,51,7,TOTAL,65000000.00
2019,AUG,STATE,53,7,TOTAL,171800000.00
2019,AUG,STATE,55,7,TOTAL,186700000.00
2019,DEC,STATE,1,7,TOTAL,198800000.00
2019,DEC,STATE,5,7,TOTAL,313900000.00
2019,DEC,STATE,6,7,TOTAL,337000000.00
2019,DEC,STATE,8,7,TOTAL,138400000.00
2019,DEC,STATE,13,7,TOTAL,430900000.00
2019,DEC,STATE,17,7,TOTAL,140900000.00
2019,DEC,STATE,18,7,TOTAL,911200000.00
2019,DEC,STATE,19,7,TOTAL,1468700000.00
2019,DEC,STATE,21,7,TOTAL,129200000.00
2019,DEC,STATE,24,7,TOTAL,71400000.00
2019,DEC,STATE,26,7,TOTAL,375100000.00
2019,DEC,STATE,27,7,TOTAL,231900000.00
2019,DEC,STATE,28,7,TOTAL,121500000.00
2019,DEC,STATE,29,7,TOTAL,317500000.00
2019,DEC,STATE,31,7,TOTAL,233500000.00
2019,DEC,STATE,36,7,TOTAL,150200000.00
2019,DEC,STATE,37,7,TOTAL,350700000.00
2019,DEC,STATE,39,7,TOTAL,920700000.00
2019,DEC,STATE,40,7,TOTAL,58000000.00
2019,DEC,STATE,41,7,TOTAL,60100000.00
2019,DEC,STATE,,7,TOTAL,787800000.00
2019,DEC,STATE,42,7,TOTAL,787800000.00
2019,DEC,STATE,45,7,TOTAL,85700000.00
2019,DEC,STATE,46,7,TOTAL,73000000.00
2019,DEC,STATE,48,7,TOTAL,524800000.00
2019,DEC,STATE,49,7,TOTAL,125200000.00
2019,DEC,STATE,51,7,TOTAL,65500000.00
2019,DEC,STATE,53,7,TOTAL,177700000.00
2019,DEC,STATE,55,7,TOTAL,199800000.00
2019,FEB,STATE,1,7,TOTAL,173600000.00
2019,FEB,STATE,5,7,TOTAL,270100000.00
2019,FEB,STATE,6,7,TOTAL,303600000.00
2019,FEB,STATE,8,7,TOTAL,113400000.00
2019,FEB,STATE,13,7,TOTAL,386900000.00
2019,FEB,STATE,17,7,TOTAL,144000000.00
2019,FEB,STATE,18,7,TOTAL,797600000.00
2019,FEB,STATE,19,7,TOTAL,1306100000.00
2019,FEB,STATE,21,7,TOTAL,112900000.00
2019,FEB,STATE,24,7,TOTAL,63500000.00
2019,FEB,STATE,26,7,TOTAL,357300000.00
2019,FEB,STATE,27,7,TOTAL,248300000.00
2019,FEB,STATE,28,7,TOTAL,106700000.00
2019,FEB,STATE,29,7,TOTAL,288300000.00
2019,FEB,STATE,31,7,TOTAL,201200000.00
2019,FEB,STATE,36,7,TOTAL,131800000.00
2019,FEB,STATE,37,7,TOTAL,283900000.00
2019,FEB,STATE,39,7,TOTAL,826900000.00
2019,FEB,STATE,40,7,TOTAL,54100000.00
2019,FEB,STATE,41,7,TOTAL,55900000.00
2019,FEB,STATE,,7,TOTAL,703300000.00
2019,FEB,STATE,42,7,TOTAL,665700000.00
2019,FEB,STATE,45,7,TOTAL,90000000.00
2019,FEB,STATE,46,7,TOTAL,62100000.00
2019,FEB,STATE,48,7,TOTAL,458400000.00
2019,FEB,STATE,49,7,TOTAL,112800000.00
2019,FEB,STATE,51,7,TOTAL,52800000.00
2019,FEB,STATE,53,7,TOTAL,168200000.00
2019,FEB,STATE,55,7,TOTAL,154200000.00
2019,JAN,STATE,1,7,TOTAL,186800000.00
2019,JAN,STATE,5,7,TOTAL,298900000.00
2019,JAN,STATE,6,7,TOTAL,354300000.00
2019,JAN,STATE,8,7,TOTAL,123500000.00
2019,JAN,STATE,13,7,TOTAL,434300000.00
2019,JAN,STATE,17,7,TOTAL,164600000.00
2019,JAN,STATE,18,7,TOTAL,871700000.00
2019,JAN,STATE,19,7,TOTAL,1470000000.00
2019,JAN,STATE,21,7,TOTAL,125600000.00
2019,JAN,STATE,24,7,TOTAL,67600000.00
2019,JAN,STATE,26,7,TOTAL,402600000.00
2019,JAN,STATE,27,7,TOTAL,276600000.00
2019,JAN,STATE,28,7,TOTAL,117200000.00
2019,JAN,STATE,29,7,TOTAL,328600000.00
2019,JAN,STATE,31,7,TOTAL,222600000.00
2019,JAN,STATE,36,7,TOTAL,143300000.00
2019,JAN,STATE,37,7,TOTAL,304100000.00
2019,JAN,STATE,39,7,TOTAL,894100000.00
2019,JAN,STATE,40,7,TOTAL,60200000.00
2019,JAN,STATE,41,7,TOTAL,63200000.00
2019,JAN,STATE,,7,TOTAL,781800000.00
2019,JAN,STATE,42,7,TOTAL,758600000.00
2019,JAN,STATE,45,7,TOTAL,97600000.00
2019,JAN,STATE,46,7,TOTAL,64900000.00
2019,JAN,STATE,48,7,TOTAL,511100000.00
2019,JAN,STATE,49,7,TOTAL,125400000.00
2019,JAN,STATE,51,7,TOTAL,58100000.00
2019,JAN,STATE,53,7,TOTAL,179400000.00
2019,JAN,STATE,55,7,TOTAL,176700000.00
2019,JUL,STATE,1,7,TOTAL,197100000.00
2019,JUL,STATE,5,7,TOTAL,304400000.00
2019,JUL,STATE,6,7,TOTAL,316800000.00
2019,JUL,STATE,8,7,TOTAL,117800000.00
2019,JUL,STATE,13,7,TOTAL,418700000.00
2019,JUL,STATE,17,7,TOTAL,165900000.00
2019,JUL,STATE,18,7,TOTAL,811500000.00
2019,JUL,STATE,19,7,TOTAL,1422300000.00
2019,JUL,STATE,21,7,TOTAL,122500000.00
2019,JUL,STATE,24,7,TOTAL,67700000.00
2019,JUL,STATE,26,7,TOTAL,370100000.00
2019,JUL,STATE,27,7,TOTAL,279500000.00
2019,JUL,STATE,28,7,TOTAL,117200000.00
2019,JUL,STATE,29,7,TOTAL,301400000.00
2019,JUL,STATE,31,7,TOTAL,233200000.00
2019,JUL,STATE,36,7,TOTAL,143200000.00
2019,JUL,STATE,37,7,TOTAL,327400000.00
2019,JUL,STATE,39,7,TOTAL,880500000.00
2019,JUL,STATE,40,7,TOTAL,60200000.00
2019,JUL,STATE,41,7,TOTAL,55500000.00
2019,JUL,STATE,,7,TOTAL,759400000.00
2019,JUL,STATE,42,7,TOTAL,759900000.00
2019,JUL,STATE,45,7,TOTAL,85500000.00
2019,JUL,STATE,46,7,TOTAL,73700000.00
2019,JUL,STATE,48,7,TOTAL,506100000.00
2019,JUL,STATE,49,7,TOTAL,121500000.00
2019,JUL,STATE,51,7,TOTAL,65200000.00
2019,JUL,STATE,53,7,TOTAL,175600000.00
2019,JUL,STATE,55,7,TOTAL,188100000.00
2019,JUN,STATE,1,7,TOTAL,190500000.00
2019,JUN,STATE,5,7,TOTAL,292600000.00
2019,JUN,STATE,6,7,TOTAL,311400000.00
2019,JUN,STATE,8,7,TOTAL,117700000.00
2019,JUN,STATE,13,7,TOTAL,404600000.00
2019,JUN,STATE,17,7,TOTAL,161600000.00
2019,JUN,STATE,18,7,TOTAL,797500000.00
2019,JUN,STATE,19,7,TOTAL,1396200000.00
2019,JUN,STATE,21,7,TOTAL,119400000.00
2019,JUN,STATE,24,7,TOTAL,67300000.00
2019,JUN,STATE,26,7,TOTAL,376800000.00
2019,JUN,STATE,27,7,TOTAL,276000000.00
2019,JUN,STATE,28,7,TOTAL,116200000.00
2019,JUN,STATE,29,7,TOTAL,295200000.00
2019,JUN,STATE,31,7,TOTAL,222000000.00
2019,JUN,STATE,36,7,TOTAL,137200000.00
2019,JUN,STATE,37,7,TOTAL,317600000.00
2019,JUN,STATE,39,7,TOTAL,856000000.00
2019,JUN,STATE,40,7,TOTAL,58000000.00
2019,JUN,STATE,41,7,TOTAL,55200000.00
2019,JUN,STATE,,7,TOTAL,730400000.00
2019,JUN,STATE,42,7,TOTAL,741400000.00
2019,JUN,STATE,45,7,TOTAL,82400000.00
2019,JUN,STATE,46,7,TOTAL,72900000.00
2019,JUN,STATE,48,7,TOTAL,486000000.00
2019,JUN,STATE,49,7,TOTAL,118900000.00
2019,JUN,STATE,51,7,TOTAL,62400000.00
2019,JUN,STATE,53,7,TOTAL,171500000.00
2019,JUN,STATE,55,7,TOTAL,186600000.00
2019,MAR,STATE,1,7,TOTAL,194000000.00
2019,MAR,STATE,5,7,TOTAL,304000000.00
2019,MAR,STATE,6,7,TOTAL,327500000.00
2019,MAR,STATE,8,7,TOTAL,126100000.00
2019,MAR,STATE,13,7,TOTAL,438000000.00
2019,MAR,STATE,17,7,TOTAL,148100000.00
2019,MAR,STATE,18,7,TOTAL,885200000.00
2019,MAR,STATE,19,7,TOTAL,1429800000.00
2019,MAR,STATE,21,7,TOTAL,127600000.00
2019,MAR,STATE,24,7,TOTAL,68900000.00
2019,MAR,STATE,26,7,TOTAL,403600000.00
2019,MAR,STATE,27,7,TOTAL,280600000.00
2019,MAR,STATE,28,7,TOTAL,120600000.00
2019,MAR,STATE,29,7,TOTAL,312000000.00
2019,MAR,STATE,31,7,TOTAL,214600000.00
2019,MAR,STATE,36,7,TOTAL,144300000.00
2019,MAR,STATE,37,7,TOTAL,317900000.00
2019,MAR,STATE,39,7,TOTAL,951800000.00
2019,MAR,STATE,40,7,TOTAL,59900000.00
2019,MAR,STATE,41,7,TOTAL,60400000.00
2019,MAR,STATE,,7,TOTAL,792200000.00
2019,MAR,STATE,42,7,TOTAL,732800000.00
2019,MAR,STATE,45,7,TOTAL,99800000.00
2019,MAR,STATE,46,7,TOTAL,70900000.00
2019,MAR,STATE,48,7,TOTAL,526400000.00
2019,MAR,STATE,49,7,TOTAL,126400000.00
2019,MAR,STATE,51,7,TOTAL,61000000.00
2019,MAR,STATE,53,7,TOTAL,185000000.00
2019,MAR,STATE,55,7,TOTAL,169900000.00
2019,MARKETING YEAR,STATE,1,7,TOTAL,2275400000.00
2019,MARKETING YEAR,STATE,5,7,TOTAL,3573700000.00
2019,MARKETING YEAR,STATE,6,7,TOTAL,3899700000.00
2019,MARKETING YEAR,STATE,8,7,TOTAL,1494400000.00
2019,MARKETING YEAR,STATE,13,7,TOTAL,5046800000.00
2019,MARKETING YEAR,STATE,17,7,TOTAL,1911700000.00
2019,MARKETING YEAR,STATE,18,7,TOTAL,10048100000.00
2019,MARKETING YEAR,STATE,19,7,TOTAL,17083800000.00
2019,MARKETING YEAR,STATE,21,7,TOTAL,1477600000.00
2019,MARKETING YEAR,STATE,22,7,TOTAL,524800000.00
2019,MARKETING YEAR,STATE,24,7,TOTAL,792600000.00
2019,MARKETING YEAR,STATE,25,7,TOTAL,47300000.00
2019,MARKETING YEAR,STATE,26,7,TOTAL,4516600000.00
2019,MARKETING YEAR,STATE,27,7,TOTAL,3255700000.00
2019,MARKETING YEAR,STATE,28,7,TOTAL,1407800000.00
2019,MARKETING YEAR,STATE,29,7,TOTAL,3722300000.00
2019,MARKETING YEAR,STATE,30,7,TOTAL,330800000.00
2019,MARKETING YEAR,STATE,31,7,TOTAL,2660800000.00
2019,MARKETING YEAR,STATE,36,7,TOTAL,1674300000.00
2019,MARKETING YEAR,STATE,37,7,TOTAL,3791300000.00
2019,MARKETING YEAR,STATE,39,7,TOTAL,10705400000.00
2019,MARKETING YEAR,STATE,40,7,TOTAL,705500000.00
2019,MARKETING YEAR,STATE,41,7,TOTAL,703100000.00
2019,MARKETING YEAR,STATE,,7,TOTAL,7537900000.00
2019,MARKETING YEAR,STATE,42,7,TOTAL,8901100000.00
2019,MARKETING YEAR,STATE,45,7,TOTAL,1063500000.00
2019,MARKETING YEAR,STATE,46,7,TOTAL,854000000.00
2019,MARKETING YEAR,STATE,47,7,TOTAL,344600000.00
2019,MARKETING YEAR,STATE,48,7,TOTAL,6057900000.00
2019,MARKETING YEAR,STATE,49,7,TOTAL,1449700000.00
2019,MARKETING YEAR,STATE,50,7,TOTAL,58300000.00
2019,MARKETING YEAR,STATE,51,7,TOTAL,741200000.00
2019,MARKETING YEAR,STATE,53,7,TOTAL,2079100000.00
2019,MARKETING YEAR,STATE,54,7,TOTAL,306200000.00
2019,MARKETING YEAR,STATE,55,7,TOTAL,2163100000.00
2019,MAY,STATE,1,7,TOTAL,196100000.00
2019,MAY,STATE,5,7,TOTAL,307500000.00
2019,MAY,STATE,6,7,TOTAL,321000000.00
2019,MAY,STATE,8,7,TOTAL,127300000.00
2019,MAY,STATE,13,7,TOTAL,424400000.00
2019,MAY,STATE,17,7,TOTAL,165400000.00
2019,MAY,STATE,18,7,TOTAL,840000000.00
2019,MAY,STATE,19,7,TOTAL,1470700000.00
2019,MAY,STATE,21,7,TOTAL,123200000.00
2019,MAY,STATE,24,7,TOTAL,66100000.00
2019,MAY,STATE,26,7,TOTAL,392800000.00
2019,MAY,STATE,27,7,TOTAL,286400000.00
2019,MAY,STATE,28,7,TOTAL,120500000.00
2019,MAY,STATE,29,7,TOTAL,315500000.00
2019,MAY,STATE,31,7,TOTAL,223100000.00
2019,MAY,STATE,36,7,TOTAL,138600000.00
2019,MAY,STATE,37,7,TOTAL,323800000.00
2019,MAY,STATE,39,7,TOTAL,912300000.00
2019,MAY,STATE,40,7,TOTAL,60800000.00
2019,MAY,STATE,41,7,TOTAL,60000000.00
2019,MAY,STATE,,7,TOTAL,763800000.00
2019,MAY,STATE,42,7,TOTAL,755800000.00
2019,MAY,STATE,45,7,TOTAL,86500000.00
2019,MAY,STATE,46,7,TOTAL,75100000.00
2019,MAY,STATE,48,7,TOTAL,511300000.00
2019,MAY,STATE,49,7,TOTAL,123800000.00
2019,MAY,STATE,51,7,TOTAL,64800000.00
2019,MAY,STATE,53,7,TOTAL,174800000.00
2019,MAY,STATE,55,7,TOTAL,190700000.00
2019,NOV,STATE,1,7,TOTAL,187700000.00
2019,NOV,STATE,5,7,TOTAL,296600000.00
2019,NOV,STATE,6,7,TOTAL,323700000.00
2019,NOV,STATE,8,7,TOTAL,132900000.00
2019,NOV,STATE,13,7,TOTAL,420200000.00
2019,NOV,STATE,17,7,TOTAL,152900000.00
2019,NOV,STATE,18,7,TOTAL,859000000.00
2019,NOV,STATE,19,7,TOTAL,1420400000.00
2019,NOV,STATE,21,7,TOTAL,123900000.00
2019,NOV,STATE,24,7,TOTAL,66200000.00
2019,NOV,STATE,26,7,TOTAL,370100000.00
2019,NOV,STATE,27,7,TOTAL,237900000.00
2019,NOV,STATE,28,7,TOTAL,119300000.00
2019,NOV,STATE,29,7,TOTAL,308500000.00
2019,NOV,STATE,31,7,TOTAL,225400000.00
2019,NOV,STATE,36,7,TOTAL,144700000.00
2019,NOV,STATE,37,7,TOTAL,337700000.00
2019,NOV,STATE,39,7,TOTAL,919000000.00
2019,NOV,STATE,40,7,TOTAL,55600000.00
2019,NOV,STATE,41,7,TOTAL,57600000.00
2019,NOV,STATE,,7,TOTAL,769200000.00
2019,NOV,STATE,42,7,TOTAL,752600000.00
2019,NOV,STATE,45,7,TOTAL,81700000.00
2019,NOV,STATE,46,7,TOTAL,72800000.00
2019,NOV,STATE,48,7,TOTAL,496200000.00
2019,NOV,STATE,49,7,TOTAL,120100000.00
2019,NOV,STATE,51,7,TOTAL,63800000.00
2019,NOV,STATE,53,7,TOTAL,172300000.00
2019,NOV,STATE,55,7,TOTAL,192700000.00
2019,OCT,STATE,1,7,TOTAL,194200000.00
2019,OCT,STATE,5,7,TOTAL,298300000.00
2019,OCT,STATE,6,7,TOTAL,331200000.00
2019,OCT,STATE,8,7,TOTAL,133600000.00
2019,OCT,STATE,13,7,TOTAL,421300000.00
2019,OCT,STATE,17,7,TOTAL,171200000.00
2019,OCT,STATE,18,7,TOTAL,848300000.00
2019,OCT,STATE,19,7,TOTAL,1462600000.00
2019,OCT,STATE,21,7,TOTAL,127600000.00
2019,OCT,STATE,24,7,TOTAL,65100000.00
2019,OCT,STATE,26,7,TOTAL,363100000.00
2019,OCT,STATE,27,7,TOTAL,269400000.00
2019,OCT,STATE,28,7,TOTAL,121600000.00
2019,OCT,STATE,29,7,TOTAL,322800000.00
2019,OCT,STATE,31,7,TOTAL,232700000.00
2019,OCT,STATE,36,7,TOTAL,142500000.00
2019,OCT,STATE,37,7,TOTAL,338400000.00
2019,OCT,STATE,39,7,TOTAL,912700000.00
2019,OCT,STATE,40,7,TOTAL,59200000.00
2019,OCT,STATE,41,7,TOTAL,62300000.00
2019,OCT,STATE,,7,TOTAL,783100000.00
2019,OCT,STATE,42,7,TOTAL,760700000.00
2019,OCT,STATE,45,7,TOTAL,83400000.00
2019,OCT,STATE,46,7,TOTAL,77400000.00
2019,OCT,STATE,48,7,TOTAL,510000000.00
2019,OCT,STATE,49,7,TOTAL,121600000.00
2019,OCT,STATE,51,7,TOTAL,64100000.00
2019,OCT,STATE,53,7,TOTAL,172300000.00
2019,OCT,STATE,55,7,TOTAL,192100000.00
2019,SEP,STATE,1,7,TOTAL,186800000.00
2019,SEP,STATE,5,7,TOTAL,290100000.00
2019,SEP,STATE,6,7,TOTAL,314600000.00
2019,SEP,STATE,8,7,TOTAL,127500000.00
2019,SEP,STATE,13,7,TOTAL,405500000.00
2019,SEP,STATE,17,7,TOTAL,162900000.00
2019,SEP,STATE,18,7,TOTAL,808400000.00
2019,SEP,STATE,19,7,TOTAL,1404000000.00
2019,SEP,STATE,21,7,TOTAL,122300000.00
2019,SEP,STATE,24,7,TOTAL,63300000.00
2019,SEP,STATE,26,7,TOTAL,334400000.00
2019,SEP,STATE,27,7,TOTAL,267900000.00
2019,SEP,STATE,28,7,TOTAL,115600000.00
2019,SEP,STATE,29,7,TOTAL,306500000.00
2019,SEP,STATE,31,7,TOTAL,227800000.00
2019,SEP,STATE,36,7,TOTAL,132400000.00
2019,SEP,STATE,37,7,TOTAL,315100000.00
2019,SEP,STATE,39,7,TOTAL,855800000.00
2019,SEP,STATE,40,7,TOTAL,58500000.00
2019,SEP,STATE,41,7,TOTAL,57800000.00
2019,SEP,STATE,,7,TOTAL,746400000.00
2019,SEP,STATE,42,7,TOTAL,730900000.00
2019,SEP,STATE,45,7,TOTAL,82800000.00
2019,SEP,STATE,46,7,TOTAL,73600000.00
2019,SEP,STATE,48,7,TOTAL,498200000.00
2019,SEP,STATE,49,7,TOTAL,115700000.00
2019,SEP,STATE,51,7,TOTAL,61000000.00
2019,SEP,STATE,53,7,TOTAL,163600000.00
2019,SEP,STATE,55,7,TOTAL,177200000.00
2018,APR,STATE,1,7,TOTAL,176700000.00
2018,APR,STATE,5,7,TOTAL,290900000.00
2018,APR,STATE,6,7,TOTAL,352200000.00
2018,APR,STATE,8,7,TOTAL,121700000.00
2018,APR,STATE,12,7,TOTAL,164100000.00
2018,APR,STATE,13,7,TOTAL,391200000.00
2018,APR,STATE,17,7,TOTAL,144700000.00
2018,APR,STATE,18,7,TOTAL,785100000.00
2018,APR,STATE,19,7,TOTAL,1323400000.00
2018,APR,STATE,24,7,TOTAL,59000000.00
2018,APR,STATE,26,7,TOTAL,383200000.00
2018,APR,STATE,27,7,TOTAL,259000000.00
2018,APR,STATE,28,7,TOTAL,117900000.00
2018,APR,STATE,29,7,TOTAL,287500000.00
2018,APR,STATE,31,7,TOTAL,191600000.00
2018,APR,STATE,36,7,TOTAL,129500000.00
2018,APR,STATE,37,7,TOTAL,333100000.00
2018,APR,STATE,39,7,TOTAL,794600000.00
2018,APR,STATE,41,7,TOTAL,61900000.00
2018,APR,STATE,,7,TOTAL,751600000.00
2018,APR,STATE,42,7,TOTAL,705700000.00
2018,APR,STATE,45,7,TOTAL,89500000.00
2018,APR,STATE,46,7,TOTAL,65700000.00
2018,APR,STATE,48,7,TOTAL,501100000.00
2018,APR,STATE,49,7,TOTAL,116200000.00
2018,APR,STATE,51,7,TOTAL,58700000.00
2018,APR,STATE,53,7,TOTAL,164800000.00
2018,APR,STATE,55,7,TOTAL,172400000.00
2018,AUG,STATE,1,7,TOTAL,182900000.00
2018,AUG,STATE,5,7,TOTAL,305400000.00
2018,AUG,STATE,6,7,TOTAL,367200000.00
2018,AUG,STATE,8,7,TOTAL,125800000.00
2018,AUG,STATE,12,7,TOTAL,169700000.00
2018,AUG,STATE,13,7,TOTAL,404100000.00
2018,AUG,STATE,17,7,TOTAL,156800000.00
2018,AUG,STATE,18,7,TOTAL,823600000.00
2018,AUG,STATE,19,7,TOTAL,1391500000.00
2018,AUG,STATE,24,7,TOTAL,63200000.00
2018,AUG,STATE,26,7,TOTAL,394400000.00
2018,AUG,STATE,27,7,TOTAL,274900000.00
2018,AUG,STATE,28,7,TOTAL,119700000.00
2018,AUG,STATE,29,7,TOTAL,306300000.00
2018,AUG,STATE,31,7,TOTAL,204900000.00
2018,AUG,STATE,36,7,TOTAL,142300000.00
2018,AUG,STATE,37,7,TOTAL,290900000.00
2018,AUG,STATE,39,7,TOTAL,877700000.00
2018,AUG,STATE,41,7,TOTAL,62100000.00
2018,AUG,STATE,,7,TOTAL,781000000.00
2018,AUG,STATE,42,7,TOTAL,738500000.00
2018,AUG,STATE,45,7,TOTAL,92400000.00
2018,AUG,STATE,46,7,TOTAL,65800000.00
2018,AUG,STATE,48,7,TOTAL,519600000.00
2018,AUG,STATE,49,7,TOTAL,118200000.00
2018,AUG,STATE,51,7,TOTAL,57000000.00
2018,AUG,STATE,53,7,TOTAL,172900000.00
2018,AUG,STATE,55,7,TOTAL,180000000.00
2018,DEC,STATE,1,7,TOTAL,185600000.00
2018,DEC,STATE,5,7,TOTAL,307400000.00
2018,DEC,STATE,6,7,TOTAL,365300000.00
2018,DEC,STATE,8,7,TOTAL,127100000.00
2018,DEC,STATE,13,7,TOTAL,444500000.00
2018,DEC,STATE,17,7,TOTAL,162500000.00
2018,DEC,STATE,18,7,TOTAL,864200000.00
2018,DEC,STATE,19,7,TOTAL,1463600000.00
2018,DEC,STATE,21,7,TOTAL,127300000.00
2018,DEC,STATE,24,7,TOTAL,69100000.00
2018,DEC,STATE,26,7,TOTAL,406500000.00
2018,DEC,STATE,27,7,TOTAL,281100000.00
2018,DEC,STATE,28,7,TOTAL,119400000.00
2018,DEC,STATE,29,7,TOTAL,328100000.00
2018,DEC,STATE,31,7,TOTAL,215600000.00
2018,DEC,STATE,36,7,TOTAL,143200000.00
2018,DEC,STATE,37,7,TOTAL,291300000.00
2018,DEC,STATE,39,7,TOTAL,885300000.00
2018,DEC,STATE,40,7,TOTAL,60100000.00
2018,DEC,STATE,41,7,TOTAL,60800000.00
2018,DEC,STATE,,7,TOTAL,788400000.00
2018,DEC,STATE,42,7,TOTAL,772900000.00
2018,DEC,STATE,45,7,TOTAL,96400000.00
2018,DEC,STATE,46,7,TOTAL,66200000.00
2018,DEC,STATE,48,7,TOTAL,530700000.00
2018,DEC,STATE,49,7,TOTAL,122200000.00
2018,DEC,STATE,51,7,TOTAL,61500000.00
2018,DEC,STATE,53,7,TOTAL,174600000.00
2018,DEC,STATE,55,7,TOTAL,173300000.00
2018,FEB,STATE,1,7,TOTAL,161700000.00
2018,FEB,STATE,5,7,TOTAL,270400000.00
2018,FEB,STATE,6,7,TOTAL,321200000.00
2018,FEB,STATE,8,7,TOTAL,107200000.00
2018,FEB,STATE,12,7,TOTAL,151800000.00
2018,FEB,STATE,13,7,TOTAL,366300000.00
2018,FEB,STATE,17,7,TOTAL,129500000.00
2018,FEB,STATE,18,7,TOTAL,707300000.00
2018,FEB,STATE,19,7,TOTAL,1202100000.00
2018,FEB,STATE,24,7,TOTAL,63500000.00
2018,FEB,STATE,26,7,TOTAL,342600000.00
2018,FEB,STATE,27,7,TOTAL,236700000.00
2018,FEB,STATE,28,7,TOTAL,110500000.00
2018,FEB,STATE,29,7,TOTAL,256600000.00
2018,FEB,STATE,31,7,TOTAL,176600000.00
2018,FEB,STATE,36,7,TOTAL,130200000.00
2018,FEB,STATE,37,7,TOTAL,295400000.00
2018,FEB,STATE,39,7,TOTAL,784500000.00
2018,FEB,STATE,41,7,TOTAL,58600000.00
2018,FEB,STATE,,7,TOTAL,696700000.00
2018,FEB,STATE,42,7,TOTAL,658700000.00
2018,FEB,STATE,45,7,TOTAL,82000000.00
2018,FEB,STATE,46,7,TOTAL,62500000.00
2018,FEB,STATE,48,7,TOTAL,460400000.00
2018,FEB,STATE,49,7,TOTAL,113200000.00
2018,FEB,STATE,51,7,TOTAL,57000000.00
2018,FEB,STATE,53,7,TOTAL,164900000.00
2018,FEB,STATE,55,7,TOTAL,155800000.00
2018,JAN,STATE,1,7,TOTAL,174300000.00
2018,JAN,STATE,5,7,TOTAL,292100000.00
2018,JAN,STATE,6,7,TOTAL,361200000.00
2018,JAN,STATE,8,7,TOTAL,118400000.00
2018,JAN,STATE,12,7,TOTAL,172000000.00
2018,JAN,STATE,13,7,TOTAL,410000000.00
2018,JAN,STATE,17,7,TOTAL,141100000.00
2018,JAN,STATE,18,7,TOTAL,809500000.00
2018,JAN,STATE,19,7,TOTAL,1292200000.00
2018,JAN,STATE,24,7,TOTAL,69600000.00
2018,JAN,STATE,26,7,TOTAL,365100000.00
2018,JAN,STATE,27,7,TOTAL,255800000.00
2018,JAN,STATE,28,7,TOTAL,119600000.00
2018,JAN,STATE,29,7,TOTAL,277700000.00
2018,JAN,STATE,31,7,TOTAL,198700000.00
2018,JAN,STATE,36,7,TOTAL,144200000.00
2018,JAN,STATE,37,7,TOTAL,336300000.00
2018,JAN,STATE,39,7,TOTAL,850400000.00
2018,JAN,STATE,41,7,TOTAL,63700000.00
2018,JAN,STATE,,7,TOTAL,772800000.00
2018,JAN,STATE,42,7,TOTAL,723100000.00
2018,JAN,STATE,45,7,TOTAL,91500000.00
2018,JAN,STATE,46,7,TOTAL,66500000.00
2018,JAN,STATE,48,7,TOTAL,509300000.00
2018,JAN,STATE,49,7,TOTAL,126100000.00
2018,JAN,STATE,51,7,TOTAL,63700000.00
2018,JAN,STATE,53,7,TOTAL,190400000.00
2018,JAN,STATE,55,7,TOTAL,179500000.00
2018,JUL,STATE,1,7,TOTAL,179800000.00
2018,JUL,STATE,5,7,TOTAL,301100000.00
2018,JUL,STATE,6,7,TOTAL,368700000.00
2018,JUL,STATE,8,7,TOTAL,128600000.00
2018,JUL,STATE,12,7,TOTAL,166400000.00
2018,JUL,STATE,13,7,TOTAL,405600000.00
2018,JUL,STATE,17,7,TOTAL,157000000.00
2018,JUL,STATE,18,7,TOTAL,806600000.00
2018,JUL,STATE,19,7,TOTAL,1377400000.00
2018,JUL,STATE,24,7,TOTAL,62800000.00
2018,JUL,STATE,26,7,TOTAL,382200000.00
2018,JUL,STATE,27,7,TOTAL,268600000.00
2018,JUL,STATE,28,7,TOTAL,118800000.00
2018,JUL,STATE,29,7,TOTAL,300300000.00
2018,JUL,STATE,31,7,TOTAL,205900000.00
2018,JUL,STATE,36,7,TOTAL,142100000.00
2018,JUL,STATE,37,7,TOTAL,313000000.00
2018,JUL,STATE,39,7,TOTAL,876400000.00
2018,JUL,STATE,41,7,TOTAL,62600000.00
2018,JUL,STATE,,7,TOTAL,770100000.00
2018,JUL,STATE,42,7,TOTAL,726100000.00
2018,JUL,STATE,45,7,TOTAL,94200000.00
2018,JUL,STATE,46,7,TOTAL,66300000.00
2018,JUL,STATE,48,7,TOTAL,517700000.00
2018,JUL,STATE,49,7,TOTAL,112100000.00
2018,JUL,STATE,51,7,TOTAL,61100000.00
2018,JUL,STATE,53,7,TOTAL,171700000.00
2018,JUL,STATE,55,7,TOTAL,175600000.00
2018,JUN,STATE,1,7,TOTAL,174600000.00
2018,JUN,STATE,5,7,TOTAL,288400000.00
2018,JUN,STATE,6,7,TOTAL,353000000.00
2018,JUN,STATE,8,7,TOTAL,126600000.00
2018,JUN,STATE,12,7,TOTAL,161300000.00
2018,JUN,STATE,13,7,TOTAL,401400000.00
2018,JUN,STATE,17,7,TOTAL,148300000.00
2018,JUN,STATE,18,7,TOTAL,797400000.00
2018,JUN,STATE,19,7,TOTAL,1321600000.00
2018,JUN,STATE,24,7,TOTAL,60500000.00
2018,JUN,STATE,26,7,TOTAL,367700000.00
2018,JUN,STATE,27,7,TOTAL,258700000.00
2018,JUN,STATE,28,7,TOTAL,114800000.00
2018,JUN,STATE,29,7,TOTAL,284800000.00
2018,JUN,STATE,31,7,TOTAL,201200000.00
2018,JUN,STATE,36,7,TOTAL,135500000.00
2018,JUN,STATE,37,7,TOTAL,315500000.00
2018,JUN,STATE,39,7,TOTAL,859700000.00
2018,JUN,STATE,41,7,TOTAL,58100000.00
2018,JUN,STATE,,7,TOTAL,744300000.00
2018,JUN,STATE,42,7,TOTAL,701600000.00
2018,JUN,STATE,45,7,TOTAL,92000000.00
2018,JUN,STATE,46,7,TOTAL,63900000.00
2018,JUN,STATE,48,7,TOTAL,494100000.00
2018,JUN,STATE,49,7,TOTAL,106400000.00
2018,JUN,STATE,51,7,TOTAL,63400000.00
2018,JUN,STATE,53,7,TOTAL,176100000.00
2018,JUN,STATE,55,7,TOTAL,169200000.00
2018,MAR,STATE,1,7,TOTAL,182200000.00
2018,MAR,STATE,5,7,TOTAL,305700000.00
2018,MAR,STATE,6,7,TOTAL,364000000.00
2018,MAR,STATE,8,7,TOTAL,122500000.00
2018,MAR,STATE,12,7,TOTAL,172600000.00
2018,MAR,STATE,13,7,TOTAL,408600000.00
2018,MAR,STATE,17,7,TOTAL,151200000.00
2018,MAR,STATE,18,7,TOTAL,797000000.00
2018,MAR,STATE,19,7,TOTAL,1346200000.00
2018,MAR,STATE,24,7,TOTAL,69000000.00
2018,MAR,STATE,26,7,TOTAL,393700000.00
2018,MAR,STATE,27,7,TOTAL,264100000.00
2018,MAR,STATE,28,7,TOTAL,123800000.00
2018,MAR,STATE,29,7,TOTAL,292900000.00
2018,MAR,STATE,31,7,TOTAL,197500000.00
2018,MAR,STATE,36,7,TOTAL,141500000.00
2018,MAR,STATE,37,7,TOTAL,334800000.00
2018,MAR,STATE,39,7,TOTAL,851600000.00
2018,MAR,STATE,41,7,TOTAL,67200000.00
2018,MAR,STATE,,7,TOTAL,775600000.00
2018,MAR,STATE,42,7,TOTAL,734200000.00
2018,MAR,STATE,45,7,TOTAL,88400000.00
2018,MAR,STATE,46,7,TOTAL,68800000.00
2018,MAR,STATE,48,7,TOTAL,518600000.00
2018,MAR,STATE,49,7,TOTAL,128500000.00
2018,MAR,STATE,51,7,TOTAL,60400000.00
2018,MAR,STATE,53,7,TOTAL,165900000.00
2018,MAR,STATE,55,7,TOTAL,174100000.00
2018,MARKETING YEAR,STATE,1,7,TOTAL,2133300000.00
2018,MARKETING YEAR,STATE,5,7,TOTAL,3534700000.00
2018,MARKETING YEAR,STATE,6,7,TOTAL,4295700000.00
2018,MARKETING YEAR,STATE,8,7,TOTAL,1482900000.00
2018,MARKETING YEAR,STATE,12,7,TOTAL,2005400000.00
2018,MARKETING YEAR,STATE,13,7,TOTAL,4871100000.00
2018,MARKETING YEAR,STATE,17,7,TOTAL,1765900000.00
2018,MARKETING YEAR,STATE,18,7,TOTAL,9658600000.00
2018,MARKETING YEAR,STATE,19,7,TOTAL,16119300000.00
2018,MARKETING YEAR,STATE,21,7,TOTAL,1434400000.00
2018,MARKETING YEAR,STATE,22,7,TOTAL,517500000.00
2018,MARKETING YEAR,STATE,24,7,TOTAL,780600000.00
2018,MARKETING YEAR,STATE,25,7,TOTAL,43100000.00
2018,MARKETING YEAR,STATE,26,7,TOTAL,4548100000.00
2018,MARKETING YEAR,STATE,27,7,TOTAL,3131800000.00
2018,MARKETING YEAR,STATE,28,7,TOTAL,1418600000.00
2018,MARKETING YEAR,STATE,29,7,TOTAL,3485200000.00
2018,MARKETING YEAR,STATE,30,7,TOTAL,292500000.00
2018,MARKETING YEAR,STATE,31,7,TOTAL,2391600000.00
2018,MARKETING YEAR,STATE,36,7,TOTAL,1656500000.00
2018,MARKETING YEAR,STATE,37,7,TOTAL,3705400000.00
2018,MARKETING YEAR,STATE,39,7,TOTAL,10238100000.00
2018,MARKETING YEAR,STATE,40,7,TOTAL,697100000.00
2018,MARKETING YEAR,STATE,41,7,TOTAL,732400000.00
2018,MARKETING YEAR,STATE,,7,TOTAL,5421700000.00
2018,MARKETING YEAR,STATE,42,7,TOTAL,8664800000.00
2018,MARKETING YEAR,STATE,45,7,TOTAL,1093800000.00
2018,MARKETING YEAR,STATE,46,7,TOTAL,797900000.00
2018,MARKETING YEAR,STATE,47,7,TOTAL,388800000.00
2018,MARKETING YEAR,STATE,48,7,TOTAL,6109300000.00
2018,MARKETING YEAR,STATE,49,7,TOTAL,1403400000.00
2018,MARKETING YEAR,STATE,50,7,TOTAL,61700000.00
2018,MARKETING YEAR,STATE,51,7,TOTAL,716700000.00
2018,MARKETING YEAR,STATE,53,7,TOTAL,2102100000.00
2018,MARKETING YEAR,STATE,54,7,TOTAL,295900000.00
2018,MARKETING YEAR,STATE,55,7,TOTAL,2077800000.00
2018,MAY,STATE,1,7,TOTAL,181600000.00
2018,MAY,STATE,5,7,TOTAL,295000000.00
2018,MAY,STATE,6,7,TOTAL,361400000.00
2018,MAY,STATE,8,7,TOTAL,128700000.00
2018,MAY,STATE,12,7,TOTAL,165700000.00
2018,MAY,STATE,13,7,TOTAL,409100000.00
2018,MAY,STATE,17,7,TOTAL,145100000.00
2018,MAY,STATE,18,7,TOTAL,821800000.00
2018,MAY,STATE,19,7,TOTAL,1381800000.00
2018,MAY,STATE,24,7,TOTAL,57300000.00
2018,MAY,STATE,26,7,TOTAL,388300000.00
2018,MAY,STATE,27,7,TOTAL,266700000.00
2018,MAY,STATE,28,7,TOTAL,119300000.00
2018,MAY,STATE,29,7,TOTAL,290900000.00
2018,MAY,STATE,31,7,TOTAL,201100000.00
2018,MAY,STATE,36,7,TOTAL,135400000.00
2018,MAY,STATE,37,7,TOTAL,335800000.00
2018,MAY,STATE,39,7,TOTAL,861200000.00
2018,MAY,STATE,41,7,TOTAL,59300000.00
2018,MAY,STATE,,7,TOTAL,771000000.00
2018,MAY,STATE,42,7,TOTAL,731700000.00
2018,MAY,STATE,45,7,TOTAL,96200000.00
2018,MAY,STATE,46,7,TOTAL,65300000.00
2018,MAY,STATE,48,7,TOTAL,515700000.00
2018,MAY,STATE,49,7,TOTAL,111000000.00
2018,MAY,STATE,51,7,TOTAL,63200000.00
2018,MAY,STATE,53,7,TOTAL,183400000.00
2018,MAY,STATE,55,7,TOTAL,180900000.00
2018,NOV,STATE,1,7,TOTAL,179500000.00
2018,NOV,STATE,5,7,TOTAL,298700000.00
2018,NOV,STATE,6,7,TOTAL,353200000.00
2018,NOV,STATE,8,7,TOTAL,128600000.00
2018,NOV,STATE,12,7,TOTAL,171000000.00
2018,NOV,STATE,13,7,TOTAL,425300000.00
2018,NOV,STATE,17,7,TOTAL,149400000.00
2018,NOV,STATE,18,7,TOTAL,826700000.00
2018,NOV,STATE,19,7,TOTAL,1388400000.00
2018,NOV,STATE,24,7,TOTAL,69600000.00
2018,NOV,STATE,26,7,TOTAL,389300000.00
2018,NOV,STATE,27,7,TOTAL,261900000.00
2018,NOV,STATE,28,7,TOTAL,118100000.00
2018,NOV,STATE,29,7,TOTAL,305100000.00
2018,NOV,STATE,31,7,TOTAL,203000000.00
2018,NOV,STATE,36,7,TOTAL,135100000.00
2018,NOV,STATE,37,7,TOTAL,271900000.00
2018,NOV,STATE,39,7,TOTAL,855700000.00
2018,NOV,STATE,41,7,TOTAL,56200000.00
2018,NOV,STATE,,7,TOTAL,765300000.00
2018,NOV,STATE,42,7,TOTAL,741100000.00
2018,NOV,STATE,45,7,TOTAL,93000000.00
2018,NOV,STATE,46,7,TOTAL,68800000.00
2018,NOV,STATE,48,7,TOTAL,525800000.00
2018,NOV,STATE,49,7,TOTAL,112700000.00
2018,NOV,STATE,51,7,TOTAL,60000000.00
2018,NOV,STATE,53,7,TOTAL,175600000.00
2018,NOV,STATE,55,7,TOTAL,161600000.00
2018,OCT,STATE,1,7,TOTAL,184300000.00
2018,OCT,STATE,5,7,TOTAL,298800000.00
2018,OCT,STATE,6,7,TOTAL,370800000.00
2018,OCT,STATE,8,7,TOTAL,131700000.00
2018,OCT,STATE,12,7,TOTAL,168000000.00
2018,OCT,STATE,13,7,TOTAL,421100000.00
2018,OCT,STATE,17,7,TOTAL,152000000.00
2018,OCT,STATE,18,7,TOTAL,833100000.00
2018,OCT,STATE,19,7,TOTAL,1409100000.00
2018,OCT,STATE,24,7,TOTAL,70300000.00
2018,OCT,STATE,26,7,TOTAL,391000000.00
2018,OCT,STATE,27,7,TOTAL,267800000.00
2018,OCT,STATE,28,7,TOTAL,119900000.00
2018,OCT,STATE,29,7,TOTAL,308500000.00
2018,OCT,STATE,31,7,TOTAL,207300000.00
2018,OCT,STATE,36,7,TOTAL,138200000.00
2018,OCT,STATE,37,7,TOTAL,271500000.00
2018,OCT,STATE,39,7,TOTAL,902300000.00
2018,OCT,STATE,41,7,TOTAL,59600000.00
2018,OCT,STATE,,7,TOTAL,790900000.00
2018,OCT,STATE,42,7,TOTAL,751700000.00
2018,OCT,STATE,45,7,TOTAL,95200000.00
2018,OCT,STATE,46,7,TOTAL,72100000.00
2018,OCT,STATE,48,7,TOTAL,528200000.00
2018,OCT,STATE,49,7,TOTAL,114700000.00
2018,OCT,STATE,51,7,TOTAL,55900000.00
2018,OCT,STATE,53,7,TOTAL,187000000.00
2018,OCT,STATE,55,7,TOTAL,171000000.00
2018,SEP,STATE,1,7,TOTAL,179300000.00
2018,SEP,STATE,5,7,TOTAL,293300000.00
2018,SEP,STATE,6,7,TOTAL,358800000.00
2018,SEP,STATE,8,7,TOTAL,124000000.00
2018,SEP,STATE,12,7,TOTAL,163700000.00
2018,SEP,STATE,13,7,TOTAL,399000000.00
2018,SEP,STATE,17,7,TOTAL,151000000.00
2018,SEP,STATE,18,7,TOTAL,809000000.00
2018,SEP,STATE,19,7,TOTAL,1352400000.00
2018,SEP,STATE,24,7,TOTAL,65500000.00
2018,SEP,STATE,26,7,TOTAL,381300000.00
2018,SEP,STATE,27,7,TOTAL,268800000.00
2018,SEP,STATE,28,7,TOTAL,115100000.00
2018,SEP,STATE,29,7,TOTAL,301900000.00
2018,SEP,STATE,31,7,TOTAL,200500000.00
2018,SEP,STATE,36,7,TOTAL,135600000.00
2018,SEP,STATE,37,7,TOTAL,263100000.00
2018,SEP,STATE,39,7,TOTAL,867200000.00
2018,SEP,STATE,41,7,TOTAL,59500000.00
2018,SEP,STATE,,7,TOTAL,767400000.00
2018,SEP,STATE,42,7,TOTAL,719900000.00
2018,SEP,STATE,45,7,TOTAL,88900000.00
2018,SEP,STATE,46,7,TOTAL,67400000.00
2018,SEP,STATE,48,7,TOTAL,493900000.00
2018,SEP,STATE,49,7,TOTAL,114400000.00
2018,SEP,STATE,51,7,TOTAL,52900000.00
2018,SEP,STATE,53,7,TOTAL,175500000.00
2018,SEP,STATE,55,7,TOTAL,172100000.00
2017,APR,STATE,1,7,TOTAL,167600000.00
2017,APR,STATE,5,7,TOTAL,286100000.00
2017,APR,STATE,6,7,TOTAL,300900000.00
2017,APR,STATE,8,7,TOTAL,114200000.00
2017,APR,STATE,12,7,TOTAL,180100000.00
2017,APR,STATE,13,7,TOTAL,409500000.00
2017,APR,STATE,17,7,TOTAL,123200000.00
2017,APR,STATE,18,7,TOTAL,802000000.00
2017,APR,STATE,19,7,TOTAL,1322500000.00
2017,APR,STATE,24,7,TOTAL,70400000.00
2017,APR,STATE,26,7,TOTAL,355200000.00
2017,APR,STATE,27,7,TOTAL,258000000.00
2017,APR,STATE,28,7,TOTAL,111800000.00
2017,APR,STATE,29,7,TOTAL,270800000.00
2017,APR,STATE,31,7,TOTAL,202600000.00
2017,APR,STATE,36,7,TOTAL,141300000.00
2017,APR,STATE,37,7,TOTAL,325000000.00
2017,APR,STATE,39,7,TOTAL,784200000.00
2017,APR,STATE,41,7,TOTAL,59800000.00
2017,APR,STATE,,7,TOTAL,683100000.00
2017,APR,STATE,42,7,TOTAL,683800000.00
2017,APR,STATE,45,7,TOTAL,87600000.00
2017,APR,STATE,46,7,TOTAL,65000000.00
2017,APR,STATE,48,7,TOTAL,472600000.00
2017,APR,STATE,49,7,TOTAL,124700000.00
2017,APR,STATE,51,7,TOTAL,60000000.00
2017,APR,STATE,53,7,TOTAL,181200000.00
2017,APR,STATE,55,7,TOTAL,153800000.00
2017,AUG,STATE,1,7,TOTAL,176300000.00
2017,AUG,STATE,5,7,TOTAL,297000000.00
2017,AUG,STATE,6,7,TOTAL,327700000.00
2017,AUG,STATE,8,7,TOTAL,117400000.00
2017,AUG,STATE,12,7,TOTAL,162000000.00
2017,AUG,STATE,13,7,TOTAL,420700000.00
2017,AUG,STATE,17,7,TOTAL,123000000.00
2017,AUG,STATE,18,7,TOTAL,839500000.00
2017,AUG,STATE,19,7,TOTAL,1359000000.00
2017,AUG,STATE,24,7,TOTAL,70900000.00
2017,AUG,STATE,26,7,TOTAL,362600000.00
2017,AUG,STATE,27,7,TOTAL,256300000.00
2017,AUG,STATE,28,7,TOTAL,120100000.00
2017,AUG,STATE,29,7,TOTAL,249100000.00
2017,AUG,STATE,31,7,TOTAL,201200000.00
2017,AUG,STATE,36,7,TOTAL,147000000.00
2017,AUG,STATE,37,7,TOTAL,332400000.00
2017,AUG,STATE,39,7,TOTAL,837800000.00
2017,AUG,STATE,41,7,TOTAL,64600000.00
2017,AUG,STATE,,7,TOTAL,716400000.00
2017,AUG,STATE,42,7,TOTAL,709400000.00
2017,AUG,STATE,45,7,TOTAL,96000000.00
2017,AUG,STATE,46,7,TOTAL,62300000.00
2017,AUG,STATE,48,7,TOTAL,491700000.00
2017,AUG,STATE,49,7,TOTAL,131000000.00
2017,AUG,STATE,51,7,TOTAL,59900000.00
2017,AUG,STATE,53,7,TOTAL,179300000.00
2017,AUG,STATE,55,7,TOTAL,166400000.00
2017,DEC,STATE,1,7,TOTAL,176400000.00
2017,DEC,STATE,5,7,TOTAL,294900000.00
2017,DEC,STATE,6,7,TOTAL,364000000.00
2017,DEC,STATE,8,7,TOTAL,119100000.00
2017,DEC,STATE,12,7,TOTAL,179100000.00
2017,DEC,STATE,13,7,TOTAL,429400000.00
2017,DEC,STATE,17,7,TOTAL,139800000.00
2017,DEC,STATE,18,7,TOTAL,841500000.00
2017,DEC,STATE,19,7,TOTAL,1333200000.00
2017,DEC,STATE,24,7,TOTAL,70300000.00
2017,DEC,STATE,26,7,TOTAL,369300000.00
2017,DEC,STATE,27,7,TOTAL,248800000.00
2017,DEC,STATE,28,7,TOTAL,121100000.00
2017,DEC,STATE,29,7,TOTAL,272700000.00
2017,DEC,STATE,31,7,TOTAL,203300000.00
2017,DEC,STATE,36,7,TOTAL,146900000.00
2017,DEC,STATE,37,7,TOTAL,344100000.00
2017,DEC,STATE,39,7,TOTAL,856800000.00
2017,DEC,STATE,41,7,TOTAL,63600000.00
2017,DEC,STATE,,7,TOTAL,766000000.00
2017,DEC,STATE,42,7,TOTAL,732500000.00
2017,DEC,STATE,45,7,TOTAL,90500000.00
2017,DEC,STATE,46,7,TOTAL,64800000.00
2017,DEC,STATE,48,7,TOTAL,524900000.00
2017,DEC,STATE,49,7,TOTAL,129900000.00
2017,DEC,STATE,51,7,TOTAL,63400000.00
2017,DEC,STATE,53,7,TOTAL,173900000.00
2017,DEC,STATE,55,7,TOTAL,185600000.00
2017,FEB,STATE,1,7,TOTAL,156500000.00
2017,FEB,STATE,5,7,TOTAL,261400000.00
2017,FEB,STATE,6,7,TOTAL,268500000.00
2017,FEB,STATE,8,7,TOTAL,111900000.00
2017,FEB,STATE,12,7,TOTAL,169200000.00
2017,FEB,STATE,13,7,TOTAL,389600000.00
2017,FEB,STATE,17,7,TOTAL,116100000.00
2017,FEB,STATE,18,7,TOTAL,752100000.00
2017,FEB,STATE,19,7,TOTAL,1250300000.00
2017,FEB,STATE,24,7,TOTAL,66800000.00
2017,FEB,STATE,26,7,TOTAL,318500000.00
2017,FEB,STATE,27,7,TOTAL,247600000.00
2017,FEB,STATE,28,7,TOTAL,104100000.00
2017,FEB,STATE,29,7,TOTAL,247600000.00
2017,FEB,STATE,31,7,TOTAL,210100000.00
2017,FEB,STATE,36,7,TOTAL,133800000.00
2017,FEB,STATE,37,7,TOTAL,303400000.00
2017,FEB,STATE,39,7,TOTAL,737100000.00
2017,FEB,STATE,41,7,TOTAL,57400000.00
2017,FEB,STATE,,7,TOTAL,637900000.00
2017,FEB,STATE,42,7,TOTAL,627000000.00
2017,FEB,STATE,45,7,TOTAL,79300000.00
2017,FEB,STATE,46,7,TOTAL,60200000.00
2017,FEB,STATE,48,7,TOTAL,446600000.00
2017,FEB,STATE,49,7,TOTAL,112600000.00
2017,FEB,STATE,51,7,TOTAL,51000000.00
2017,FEB,STATE,53,7,TOTAL,161500000.00
2017,FEB,STATE,55,7,TOTAL,130500000.00
2017,JAN,STATE,1,7,TOTAL,174600000.00
2017,JAN,STATE,5,7,TOTAL,284900000.00
2017,JAN,STATE,6,7,TOTAL,303100000.00
2017,JAN,STATE,8,7,TOTAL,120400000.00
2017,JAN,STATE,12,7,TOTAL,196200000.00
2017,JAN,STATE,13,7,TOTAL,424900000.00
2017,JAN,STATE,17,7,TOTAL,130200000.00
2017,JAN,STATE,18,7,TOTAL,839000000.00
2017,JAN,STATE,19,7,TOTAL,1394100000.00
2017,JAN,STATE,24,7,TOTAL,70900000.00
2017,JAN,STATE,26,7,TOTAL,347300000.00
2017,JAN,STATE,27,7,TOTAL,277100000.00
2017,JAN,STATE,28,7,TOTAL,116100000.00
2017,JAN,STATE,29,7,TOTAL,283000000.00
2017,JAN,STATE,31,7,TOTAL,229600000.00
2017,JAN,STATE,36,7,TOTAL,146700000.00
2017,JAN,STATE,37,7,TOTAL,342700000.00
2017,JAN,STATE,39,7,TOTAL,822700000.00
2017,JAN,STATE,41,7,TOTAL,66700000.00
2017,JAN,STATE,,7,TOTAL,713900000.00
2017,JAN,STATE,42,7,TOTAL,699500000.00
2017,JAN,STATE,45,7,TOTAL,87500000.00
2017,JAN,STATE,46,7,TOTAL,66900000.00
2017,JAN,STATE,48,7,TOTAL,485400000.00
2017,JAN,STATE,49,7,TOTAL,130100000.00
2017,JAN,STATE,51,7,TOTAL,58100000.00
2017,JAN,STATE,53,7,TOTAL,181500000.00
2017,JAN,STATE,55,7,TOTAL,145500000.00
2017,JUL,STATE,1,7,TOTAL,176800000.00
2017,JUL,STATE,5,7,TOTAL,291800000.00
2017,JUL,STATE,6,7,TOTAL,328000000.00
2017,JUL,STATE,8,7,TOTAL,119200000.00
2017,JUL,STATE,12,7,TOTAL,163200000.00
2017,JUL,STATE,13,7,TOTAL,436000000.00
2017,JUL,STATE,17,7,TOTAL,123500000.00
2017,JUL,STATE,18,7,TOTAL,845900000.00
2017,JUL,STATE,19,7,TOTAL,1371600000.00
2017,JUL,STATE,24,7,TOTAL,71500000.00
2017,JUL,STATE,26,7,TOTAL,360400000.00
2017,JUL,STATE,27,7,TOTAL,258500000.00
2017,JUL,STATE,28,7,TOTAL,119700000.00
2017,JUL,STATE,29,7,TOTAL,257200000.00
2017,JUL,STATE,31,7,TOTAL,207900000.00
2017,JUL,STATE,36,7,TOTAL,147100000.00
2017,JUL,STATE,37,7,TOTAL,330100000.00
2017,JUL,STATE,39,7,TOTAL,836400000.00
2017,JUL,STATE,41,7,TOTAL,60900000.00
2017,JUL,STATE,,7,TOTAL,706300000.00
2017,JUL,STATE,42,7,TOTAL,706800000.00
2017,JUL,STATE,45,7,TOTAL,91800000.00
2017,JUL,STATE,46,7,TOTAL,68000000.00
2017,JUL,STATE,48,7,TOTAL,491200000.00
2017,JUL,STATE,49,7,TOTAL,129000000.00
2017,JUL,STATE,51,7,TOTAL,59100000.00
2017,JUL,STATE,53,7,TOTAL,176500000.00
2017,JUL,STATE,55,7,TOTAL,164200000.00
2017,JUN,STATE,1,7,TOTAL,168100000.00
2017,JUN,STATE,5,7,TOTAL,279700000.00
2017,JUN,STATE,6,7,TOTAL,313100000.00
2017,JUN,STATE,8,7,TOTAL,115600000.00
2017,JUN,STATE,12,7,TOTAL,165400000.00
2017,JUN,STATE,13,7,TOTAL,416400000.00
2017,JUN,STATE,17,7,TOTAL,117700000.00
2017,JUN,STATE,18,7,TOTAL,817400000.00
2017,JUN,STATE,19,7,TOTAL,1331500000.00
2017,JUN,STATE,24,7,TOTAL,69800000.00
2017,JUN,STATE,26,7,TOTAL,337300000.00
2017,JUN,STATE,27,7,TOTAL,253200000.00
2017,JUN,STATE,28,7,TOTAL,115800000.00
2017,JUN,STATE,29,7,TOTAL,253400000.00
2017,JUN,STATE,31,7,TOTAL,202200000.00
2017,JUN,STATE,36,7,TOTAL,141300000.00
2017,JUN,STATE,37,7,TOTAL,324300000.00
2017,JUN,STATE,39,7,TOTAL,797000000.00
2017,JUN,STATE,41,7,TOTAL,58800000.00
2017,JUN,STATE,,7,TOTAL,675900000.00
2017,JUN,STATE,42,7,TOTAL,678800000.00
2017,JUN,STATE,45,7,TOTAL,81800000.00
2017,JUN,STATE,46,7,TOTAL,66400000.00
2017,JUN,STATE,48,7,TOTAL,477100000.00
2017,JUN,STATE,49,7,TOTAL,123200000.00
2017,JUN,STATE,51,7,TOTAL,61500000.00
2017,JUN,STATE,53,7,TOTAL,172900000.00
2017,JUN,STATE,55,7,TOTAL,152200000.00
2017,MAR,STATE,1,7,TOTAL,172600000.00
2017,MAR,STATE,5,7,TOTAL,293300000.00
2017,MAR,STATE,6,7,TOTAL,297900000.00
2017,MAR,STATE,8,7,TOTAL,121000000.00
2017,MAR,STATE,12,7,TOTAL,185500000.00
2017,MAR,STATE,13,7,TOTAL,431900000.00
2017,MAR,STATE,17,7,TOTAL,130400000.00
2017,MAR,STATE,18,7,TOTAL,828000000.00
2017,MAR,STATE,19,7,TOTAL,1381600000.00
2017,MAR,STATE,24,7,TOTAL,73300000.00
2017,MAR,STATE,26,7,TOTAL,365700000.00
2017,MAR,STATE,27,7,TOTAL,269500000.00
2017,MAR,STATE,28,7,TOTAL,115900000.00
2017,MAR,STATE,29,7,TOTAL,274000000.00
2017,MAR,STATE,31,7,TOTAL,225300000.00
2017,MAR,STATE,36,7,TOTAL,146400000.00
2017,MAR,STATE,37,7,TOTAL,337000000.00
2017,MAR,STATE,39,7,TOTAL,822100000.00
2017,MAR,STATE,41,7,TOTAL,62900000.00
2017,MAR,STATE,,7,TOTAL,703100000.00
2017,MAR,STATE,42,7,TOTAL,702700000.00
2017,MAR,STATE,45,7,TOTAL,89200000.00
2017,MAR,STATE,46,7,TOTAL,67700000.00
2017,MAR,STATE,48,7,TOTAL,495600000.00
2017,MAR,STATE,49,7,TOTAL,127200000.00
2017,MAR,STATE,51,7,TOTAL,57000000.00
2017,MAR,STATE,53,7,TOTAL,185400000.00
2017,MAR,STATE,55,7,TOTAL,149300000.00
2017,MARKETING YEAR,STATE,1,7,TOTAL,2072300000.00
2017,MARKETING YEAR,STATE,5,7,TOTAL,3431000000.00
2017,MARKETING YEAR,STATE,6,7,TOTAL,3759600000.00
2017,MARKETING YEAR,STATE,8,7,TOTAL,1414500000.00
2017,MARKETING YEAR,STATE,12,7,TOTAL,2095700000.00
2017,MARKETING YEAR,STATE,13,7,TOTAL,5010600000.00
2017,MARKETING YEAR,STATE,17,7,TOTAL,1500400000.00
2017,MARKETING YEAR,STATE,18,7,TOTAL,9869700000.00
2017,MARKETING YEAR,STATE,19,7,TOTAL,16155200000.00
2017,MARKETING YEAR,STATE,21,7,TOTAL,1360500000.00
2017,MARKETING YEAR,STATE,22,7,TOTAL,480800000.00
2017,MARKETING YEAR,STATE,24,7,TOTAL,840100000.00
2017,MARKETING YEAR,STATE,25,7,TOTAL,40200000.00
2017,MARKETING YEAR,STATE,26,7,TOTAL,4225500000.00
2017,MARKETING YEAR,STATE,27,7,TOTAL,3070700000.00
2017,MARKETING YEAR,STATE,28,7,TOTAL,1392800000.00
2017,MARKETING YEAR,STATE,29,7,TOTAL,3146300000.00
2017,MARKETING YEAR,STATE,30,7,TOTAL,153800000.00
2017,MARKETING YEAR,STATE,31,7,TOTAL,2489100000.00
2017,MARKETING YEAR,STATE,36,7,TOTAL,1717800000.00
2017,MARKETING YEAR,STATE,37,7,TOTAL,3956200000.00
2017,MARKETING YEAR,STATE,39,7,TOTAL,9754600000.00
2017,MARKETING YEAR,STATE,40,7,TOTAL,691800000.00
2017,MARKETING YEAR,STATE,41,7,TOTAL,744600000.00
2017,MARKETING YEAR,STATE,,7,TOTAL,4967500000.00
2017,MARKETING YEAR,STATE,42,7,TOTAL,8337300000.00
2017,MARKETING YEAR,STATE,45,7,TOTAL,1068300000.00
2017,MARKETING YEAR,STATE,46,7,TOTAL,784300000.00
2017,MARKETING YEAR,STATE,47,7,TOTAL,376600000.00
2017,MARKETING YEAR,STATE,48,7,TOTAL,5820300000.00
2017,MARKETING YEAR,STATE,49,7,TOTAL,1512900000.00
2017,MARKETING YEAR,STATE,50,7,TOTAL,46100000.00
2017,MARKETING YEAR,STATE,51,7,TOTAL,716000000.00
2017,MARKETING YEAR,STATE,53,7,TOTAL,2103700000.00
2017,MARKETING YEAR,STATE,54,7,TOTAL,274700000.00
2017,MARKETING YEAR,STATE,55,7,TOTAL,1860100000.00
2017,MAY,STATE,1,7,TOTAL,173000000.00
2017,MAY,STATE,5,7,TOTAL,290700000.00
2017,MAY,STATE,6,7,TOTAL,322400000.00
2017,MAY,STATE,8,7,TOTAL,120900000.00
2017,MAY,STATE,12,7,TOTAL,178900000.00
2017,MAY,STATE,13,7,TOTAL,417800000.00
2017,MAY,STATE,17,7,TOTAL,121200000.00
2017,MAY,STATE,18,7,TOTAL,834100000.00
2017,MAY,STATE,19,7,TOTAL,1369300000.00
2017,MAY,STATE,24,7,TOTAL,72400000.00
2017,MAY,STATE,26,7,TOTAL,354600000.00
2017,MAY,STATE,27,7,TOTAL,265400000.00
2017,MAY,STATE,28,7,TOTAL,116700000.00
2017,MAY,STATE,29,7,TOTAL,275100000.00
2017,MAY,STATE,31,7,TOTAL,202600000.00
2017,MAY,STATE,36,7,TOTAL,144400000.00
2017,MAY,STATE,37,7,TOTAL,333900000.00
2017,MAY,STATE,39,7,TOTAL,805700000.00
2017,MAY,STATE,41,7,TOTAL,61800000.00
2017,MAY,STATE,,7,TOTAL,702400000.00
2017,MAY,STATE,42,7,TOTAL,704100000.00
2017,MAY,STATE,45,7,TOTAL,84100000.00
2017,MAY,STATE,46,7,TOTAL,67700000.00
2017,MAY,STATE,48,7,TOTAL,487000000.00
2017,MAY,STATE,49,7,TOTAL,127000000.00
2017,MAY,STATE,51,7,TOTAL,64600000.00
2017,MAY,STATE,53,7,TOTAL,182800000.00
2017,MAY,STATE,55,7,TOTAL,161900000.00
2017,NOV,STATE,1,7,TOTAL,175300000.00
2017,NOV,STATE,5,7,TOTAL,286700000.00
2017,NOV,STATE,6,7,TOTAL,337000000.00
2017,NOV,STATE,8,7,TOTAL,116400000.00
2017,NOV,STATE,12,7,TOTAL,171900000.00
2017,NOV,STATE,13,7,TOTAL,419900000.00
2017,NOV,STATE,17,7,TOTAL,131100000.00
2017,NOV,STATE,18,7,TOTAL,822200000.00
2017,NOV,STATE,19,7,TOTAL,1329900000.00
2017,NOV,STATE,24,7,TOTAL,67700000.00
2017,NOV,STATE,26,7,TOTAL,357900000.00
2017,NOV,STATE,27,7,TOTAL,234500000.00
2017,NOV,STATE,28,7,TOTAL,117400000.00
2017,NOV,STATE,29,7,TOTAL,256300000.00
2017,NOV,STATE,31,7,TOTAL,194900000.00
2017,NOV,STATE,36,7,TOTAL,140700000.00
2017,NOV,STATE,37,7,TOTAL,326100000.00
2017,NOV,STATE,39,7,TOTAL,831000000.00
2017,NOV,STATE,41,7,TOTAL,60900000.00
2017,NOV,STATE,,7,TOTAL,720500000.00
2017,NOV,STATE,42,7,TOTAL,709700000.00
2017,NOV,STATE,45,7,TOTAL,88600000.00
2017,NOV,STATE,46,7,TOTAL,66800000.00
2017,NOV,STATE,48,7,TOTAL,506400000.00
2017,NOV,STATE,49,7,TOTAL,125100000.00
2017,NOV,STATE,51,7,TOTAL,61800000.00
2017,NOV,STATE,53,7,TOTAL,157700000.00
2017,NOV,STATE,55,7,TOTAL,169100000.00
2017,OCT,STATE,1,7,TOTAL,182500000.00
2017,OCT,STATE,5,7,TOTAL,294000000.00
2017,OCT,STATE,6,7,TOTAL,338600000.00
2017,OCT,STATE,8,7,TOTAL,124400000.00
2017,OCT,STATE,12,7,TOTAL,169500000.00
2017,OCT,STATE,13,7,TOTAL,416100000.00
2017,OCT,STATE,17,7,TOTAL,130800000.00
2017,OCT,STATE,18,7,TOTAL,848600000.00
2017,OCT,STATE,19,7,TOTAL,1354400000.00
2017,OCT,STATE,24,7,TOTAL,69900000.00
2017,OCT,STATE,26,7,TOTAL,359100000.00
2017,OCT,STATE,27,7,TOTAL,240600000.00
2017,OCT,STATE,28,7,TOTAL,121100000.00
2017,OCT,STATE,29,7,TOTAL,251600000.00
2017,OCT,STATE,31,7,TOTAL,193900000.00
2017,OCT,STATE,36,7,TOTAL,144300000.00
2017,OCT,STATE,37,7,TOTAL,330100000.00
2017,OCT,STATE,39,7,TOTAL,834400000.00
2017,OCT,STATE,41,7,TOTAL,61700000.00
2017,OCT,STATE,,7,TOTAL,720900000.00
2017,OCT,STATE,42,7,TOTAL,720700000.00
2017,OCT,STATE,45,7,TOTAL,96300000.00
2017,OCT,STATE,46,7,TOTAL,66000000.00
2017,OCT,STATE,48,7,TOTAL,507100000.00
2017,OCT,STATE,49,7,TOTAL,126600000.00
2017,OCT,STATE,51,7,TOTAL,62900000.00
2017,OCT,STATE,53,7,TOTAL,169600000.00
2017,OCT,STATE,55,7,TOTAL,162400000.00
2017,SEP,STATE,1,7,TOTAL,173200000.00
2017,SEP,STATE,5,7,TOTAL,286600000.00
2017,SEP,STATE,6,7,TOTAL,319300000.00
2017,SEP,STATE,8,7,TOTAL,114900000.00
2017,SEP,STATE,12,7,TOTAL,157200000.00
2017,SEP,STATE,13,7,TOTAL,393100000.00
2017,SEP,STATE,17,7,TOTAL,122100000.00
2017,SEP,STATE,18,7,TOTAL,813500000.00
2017,SEP,STATE,19,7,TOTAL,1301800000.00
2017,SEP,STATE,24,7,TOTAL,68500000.00
2017,SEP,STATE,26,7,TOTAL,345800000.00
2017,SEP,STATE,27,7,TOTAL,240000000.00
2017,SEP,STATE,28,7,TOTAL,117500000.00
2017,SEP,STATE,29,7,TOTAL,235000000.00
2017,SEP,STATE,31,7,TOTAL,187500000.00
2017,SEP,STATE,36,7,TOTAL,141500000.00
2017,SEP,STATE,37,7,TOTAL,325700000.00
2017,SEP,STATE,39,7,TOTAL,801500000.00
2017,SEP,STATE,41,7,TOTAL,61000000.00
2017,SEP,STATE,,7,TOTAL,693400000.00
2017,SEP,STATE,42,7,TOTAL,686600000.00
2017,SEP,STATE,45,7,TOTAL,97500000.00
2017,SEP,STATE,46,7,TOTAL,57900000.00
2017,SEP,STATE,48,7,TOTAL,482500000.00
2017,SEP,STATE,49,7,TOTAL,123600000.00
2017,SEP,STATE,51,7,TOTAL,61300000.00
2017,SEP,STATE,53,7,TOTAL,173300000.00
2017,SEP,STATE,55,7,TOTAL,155500000.00
2016,APR,STATE,1,7,TOTAL,174500000.00
2016,APR,STATE,5,7,TOTAL,285000000.00
2016,APR,STATE,6,7,TOTAL,291500000.00
2016,APR,STATE,8,7,TOTAL,117100000.00
2016,APR,STATE,12,7,TOTAL,186300000.00
2016,APR,STATE,13,7,TOTAL,428800000.00
2016,APR,STATE,17,7,TOTAL,125500000.00
2016,APR,STATE,18,7,TOTAL,734400000.00
2016,APR,STATE,19,7,TOTAL,1089700000.00
2016,APR,STATE,24,7,TOTAL,66700000.00
2016,APR,STATE,26,7,TOTAL,333100000.00
2016,APR,STATE,27,7,TOTAL,219800000.00
2016,APR,STATE,28,7,TOTAL,113400000.00
2016,APR,STATE,29,7,TOTAL,248600000.00
2016,APR,STATE,31,7,TOTAL,218900000.00
2016,APR,STATE,36,7,TOTAL,136400000.00
2016,APR,STATE,37,7,TOTAL,294500000.00
2016,APR,STATE,39,7,TOTAL,842700000.00
2016,APR,STATE,41,7,TOTAL,63100000.00
2016,APR,STATE,,7,TOTAL,706100000.00
2016,APR,STATE,42,7,TOTAL,697500000.00
2016,APR,STATE,45,7,TOTAL,100100000.00
2016,APR,STATE,46,7,TOTAL,47400000.00
2016,APR,STATE,48,7,TOTAL,453700000.00
2016,APR,STATE,49,7,TOTAL,103300000.00
2016,APR,STATE,51,7,TOTAL,63100000.00
2016,APR,STATE,53,7,TOTAL,163200000.00
2016,APR,STATE,55,7,TOTAL,133100000.00
2016,AUG,STATE,1,7,TOTAL,178000000.00
2016,AUG,STATE,5,7,TOTAL,289500000.00
2016,AUG,STATE,6,7,TOTAL,292600000.00
2016,AUG,STATE,8,7,TOTAL,107900000.00
2016,AUG,STATE,12,7,TOTAL,196800000.00
2016,AUG,STATE,13,7,TOTAL,438800000.00
2016,AUG,STATE,17,7,TOTAL,132800000.00
2016,AUG,STATE,18,7,TOTAL,762300000.00
2016,AUG,STATE,19,7,TOTAL,1299100000.00
2016,AUG,STATE,24,7,TOTAL,65800000.00
2016,AUG,STATE,26,7,TOTAL,325000000.00
2016,AUG,STATE,27,7,TOTAL,252100000.00
2016,AUG,STATE,28,7,TOTAL,118800000.00
2016,AUG,STATE,29,7,TOTAL,268900000.00
2016,AUG,STATE,31,7,TOTAL,231200000.00
2016,AUG,STATE,36,7,TOTAL,143500000.00
2016,AUG,STATE,37,7,TOTAL,310900000.00
2016,AUG,STATE,39,7,TOTAL,847400000.00
2016,AUG,STATE,41,7,TOTAL,56100000.00
2016,AUG,STATE,,7,TOTAL,739200000.00
2016,AUG,STATE,42,7,TOTAL,697100000.00
2016,AUG,STATE,45,7,TOTAL,90800000.00
2016,AUG,STATE,46,7,TOTAL,54100000.00
2016,AUG,STATE,48,7,TOTAL,475800000.00
2016,AUG,STATE,49,7,TOTAL,104100000.00
2016,AUG,STATE,51,7,TOTAL,67800000.00
2016,AUG,STATE,53,7,TOTAL,174500000.00
2016,AUG,STATE,55,7,TOTAL,134100000.00
2016,DEC,STATE,1,7,TOTAL,175800000.00
2016,DEC,STATE,5,7,TOTAL,278800000.00
2016,DEC,STATE,6,7,TOTAL,303100000.00
2016,DEC,STATE,8,7,TOTAL,118200000.00
2016,DEC,STATE,12,7,TOTAL,196600000.00
2016,DEC,STATE,13,7,TOTAL,434700000.00
2016,DEC,STATE,17,7,TOTAL,131100000.00
2016,DEC,STATE,18,7,TOTAL,827400000.00
2016,DEC,STATE,19,7,TOTAL,1389200000.00
2016,DEC,STATE,24,7,TOTAL,68000000.00
2016,DEC,STATE,26,7,TOTAL,361100000.00
2016,DEC,STATE,27,7,TOTAL,270000000.00
2016,DEC,STATE,28,7,TOTAL,116600000.00
2016,DEC,STATE,29,7,TOTAL,293200000.00
2016,DEC,STATE,31,7,TOTAL,231300000.00
2016,DEC,STATE,36,7,TOTAL,143300000.00
2016,DEC,STATE,37,7,TOTAL,345500000.00
2016,DEC,STATE,39,7,TOTAL,844700000.00
2016,DEC,STATE,41,7,TOTAL,68100000.00
2016,DEC,STATE,,7,TOTAL,718200000.00
2016,DEC,STATE,42,7,TOTAL,708200000.00
2016,DEC,STATE,45,7,TOTAL,88600000.00
2016,DEC,STATE,46,7,TOTAL,69400000.00
2016,DEC,STATE,48,7,TOTAL,477100000.00
2016,DEC,STATE,49,7,TOTAL,132800000.00
2016,DEC,STATE,51,7,TOTAL,58800000.00
2016,DEC,STATE,53,7,TOTAL,182000000.00
2016,DEC,STATE,55,7,TOTAL,149300000.00
2016,FEB,STATE,1,7,TOTAL,169900000.00
2016,FEB,STATE,5,7,TOTAL,280300000.00
2016,FEB,STATE,6,7,TOTAL,275400000.00
2016,FEB,STATE,8,7,TOTAL,109400000.00
2016,FEB,STATE,12,7,TOTAL,197200000.00
2016,FEB,STATE,13,7,TOTAL,429000000.00
2016,FEB,STATE,17,7,TOTAL,118000000.00
2016,FEB,STATE,18,7,TOTAL,690600000.00
2016,FEB,STATE,19,7,TOTAL,935100000.00
2016,FEB,STATE,24,7,TOTAL,65300000.00
2016,FEB,STATE,26,7,TOTAL,318200000.00
2016,FEB,STATE,27,7,TOTAL,209100000.00
2016,FEB,STATE,28,7,TOTAL,110000000.00
2016,FEB,STATE,29,7,TOTAL,248600000.00
2016,FEB,STATE,31,7,TOTAL,191600000.00
2016,FEB,STATE,36,7,TOTAL,133100000.00
2016,FEB,STATE,37,7,TOTAL,296200000.00
2016,FEB,STATE,39,7,TOTAL,844400000.00
2016,FEB,STATE,41,7,TOTAL,62700000.00
2016,FEB,STATE,,7,TOTAL,676800000.00
2016,FEB,STATE,42,7,TOTAL,655300000.00
2016,FEB,STATE,45,7,TOTAL,94200000.00
2016,FEB,STATE,46,7,TOTAL,41800000.00
2016,FEB,STATE,48,7,TOTAL,440900000.00
2016,FEB,STATE,49,7,TOTAL,98800000.00
2016,FEB,STATE,51,7,TOTAL,60300000.00
2016,FEB,STATE,53,7,TOTAL,160600000.00
2016,FEB,STATE,55,7,TOTAL,135000000.00
2016,JAN,STATE,1,7,TOTAL,180300000.00
2016,JAN,STATE,5,7,TOTAL,294800000.00
2016,JAN,STATE,6,7,TOTAL,297900000.00
2016,JAN,STATE,8,7,TOTAL,117300000.00
2016,JAN,STATE,12,7,TOTAL,208700000.00
2016,JAN,STATE,13,7,TOTAL,458700000.00
2016,JAN,STATE,17,7,TOTAL,125500000.00
2016,JAN,STATE,18,7,TOTAL,734700000.00
2016,JAN,STATE,19,7,TOTAL,905800000.00
2016,JAN,STATE,24,7,TOTAL,69900000.00
2016,JAN,STATE,26,7,TOTAL,331200000.00
2016,JAN,STATE,27,7,TOTAL,223100000.00
2016,JAN,STATE,28,7,TOTAL,119200000.00
2016,JAN,STATE,29,7,TOTAL,274800000.00
2016,JAN,STATE,31,7,TOTAL,184100000.00
2016,JAN,STATE,36,7,TOTAL,138500000.00
2016,JAN,STATE,37,7,TOTAL,325800000.00
2016,JAN,STATE,39,7,TOTAL,887600000.00
2016,JAN,STATE,41,7,TOTAL,62100000.00
2016,JAN,STATE,,7,TOTAL,718000000.00
2016,JAN,STATE,42,7,TOTAL,682000000.00
2016,JAN,STATE,45,7,TOTAL,97200000.00
2016,JAN,STATE,46,7,TOTAL,39400000.00
2016,JAN,STATE,48,7,TOTAL,470900000.00
2016,JAN,STATE,49,7,TOTAL,101000000.00
2016,JAN,STATE,51,7,TOTAL,66300000.00
2016,JAN,STATE,53,7,TOTAL,165200000.00
2016,JAN,STATE,55,7,TOTAL,132200000.00
2016,JUL,STATE,1,7,TOTAL,174300000.00
2016,JUL,STATE,5,7,TOTAL,289400000.00
2016,JUL,STATE,6,7,TOTAL,292000000.00
2016,JUL,STATE,8,7,TOTAL,107500000.00
2016,JUL,STATE,12,7,TOTAL,199500000.00
2016,JUL,STATE,13,7,TOTAL,442800000.00
2016,JUL,STATE,17,7,TOTAL,135900000.00
2016,JUL,STATE,18,7,TOTAL,747000000.00
2016,JUL,STATE,19,7,TOTAL,1251600000.00
2016,JUL,STATE,24,7,TOTAL,66300000.00
2016,JUL,STATE,26,7,TOTAL,332300000.00
2016,JUL,STATE,27,7,TOTAL,245500000.00
2016,JUL,STATE,28,7,TOTAL,118800000.00
2016,JUL,STATE,29,7,TOTAL,268300000.00
2016,JUL,STATE,31,7,TOTAL,229700000.00
2016,JUL,STATE,36,7,TOTAL,143200000.00
2016,JUL,STATE,37,7,TOTAL,308100000.00
2016,JUL,STATE,39,7,TOTAL,840400000.00
2016,JUL,STATE,41,7,TOTAL,57000000.00
2016,JUL,STATE,,7,TOTAL,739500000.00
2016,JUL,STATE,42,7,TOTAL,705700000.00
2016,JUL,STATE,45,7,TOTAL,95500000.00
2016,JUL,STATE,46,7,TOTAL,49100000.00
2016,JUL,STATE,48,7,TOTAL,468000000.00
2016,JUL,STATE,49,7,TOTAL,103500000.00
2016,JUL,STATE,51,7,TOTAL,66200000.00
2016,JUL,STATE,53,7,TOTAL,170500000.00
2016,JUL,STATE,55,7,TOTAL,131700000.00
2016,JUN,STATE,1,7,TOTAL,168900000.00
2016,JUN,STATE,5,7,TOTAL,273600000.00
2016,JUN,STATE,6,7,TOTAL,283500000.00
2016,JUN,STATE,8,7,TOTAL,110300000.00
2016,JUN,STATE,12,7,TOTAL,189400000.00
2016,JUN,STATE,13,7,TOTAL,422300000.00
2016,JUN,STATE,17,7,TOTAL,130300000.00
2016,JUN,STATE,18,7,TOTAL,715200000.00
2016,JUN,STATE,19,7,TOTAL,1195900000.00
2016,JUN,STATE,24,7,TOTAL,64400000.00
2016,JUN,STATE,26,7,TOTAL,319500000.00
2016,JUN,STATE,27,7,TOTAL,225000000.00
2016,JUN,STATE,28,7,TOTAL,113500000.00
2016,JUN,STATE,29,7,TOTAL,258700000.00
2016,JUN,STATE,31,7,TOTAL,222500000.00
2016,JUN,STATE,36,7,TOTAL,136400000.00
2016,JUN,STATE,37,7,TOTAL,294800000.00
2016,JUN,STATE,39,7,TOTAL,825400000.00
2016,JUN,STATE,41,7,TOTAL,58900000.00
2016,JUN,STATE,,7,TOTAL,716800000.00
2016,JUN,STATE,42,7,TOTAL,676900000.00
2016,JUN,STATE,45,7,TOTAL,96500000.00
2016,JUN,STATE,46,7,TOTAL,46900000.00
2016,JUN,STATE,48,7,TOTAL,450400000.00
2016,JUN,STATE,49,7,TOTAL,102600000.00
2016,JUN,STATE,51,7,TOTAL,63700000.00
2016,JUN,STATE,53,7,TOTAL,160600000.00
2016,JUN,STATE,55,7,TOTAL,133300000.00
2016,MAR,STATE,1,7,TOTAL,182600000.00
2016,MAR,STATE,5,7,TOTAL,294600000.00
2016,MAR,STATE,6,7,TOTAL,296200000.00
2016,MAR,STATE,8,7,TOTAL,117100000.00
2016,MAR,STATE,12,7,TOTAL,204400000.00
2016,MAR,STATE,13,7,TOTAL,451800000.00
2016,MAR,STATE,17,7,TOTAL,128800000.00
2016,MAR,STATE,18,7,TOTAL,763800000.00
2016,MAR,STATE,19,7,TOTAL,1070200000.00
2016,MAR,STATE,24,7,TOTAL,69400000.00
2016,MAR,STATE,26,7,TOTAL,345000000.00
2016,MAR,STATE,27,7,TOTAL,224500000.00
2016,MAR,STATE,28,7,TOTAL,117500000.00
2016,MAR,STATE,29,7,TOTAL,256700000.00
2016,MAR,STATE,31,7,TOTAL,219500000.00
2016,MAR,STATE,36,7,TOTAL,143500000.00
2016,MAR,STATE,37,7,TOTAL,309300000.00
2016,MAR,STATE,39,7,TOTAL,891400000.00
2016,MAR,STATE,41,7,TOTAL,66700000.00
2016,MAR,STATE,,7,TOTAL,727100000.00
2016,MAR,STATE,42,7,TOTAL,720100000.00
2016,MAR,STATE,45,7,TOTAL,107800000.00
2016,MAR,STATE,46,7,TOTAL,48100000.00
2016,MAR,STATE,48,7,TOTAL,474100000.00
2016,MAR,STATE,49,7,TOTAL,108400000.00
2016,MAR,STATE,51,7,TOTAL,66400000.00
2016,MAR,STATE,53,7,TOTAL,180200000.00
2016,MAR,STATE,55,7,TOTAL,143900000.00
2016,MARKETING YEAR,STATE,1,7,TOTAL,2110700000.00
2016,MARKETING YEAR,STATE,5,7,TOTAL,3411400000.00
2016,MARKETING YEAR,STATE,6,7,TOTAL,3473500000.00
2016,MARKETING YEAR,STATE,8,7,TOTAL,1364000000.00
2016,MARKETING YEAR,STATE,12,7,TOTAL,2364100000.00
2016,MARKETING YEAR,STATE,13,7,TOTAL,5235300000.00
2016,MARKETING YEAR,STATE,17,7,TOTAL,1534700000.00
2016,MARKETING YEAR,STATE,18,7,TOTAL,8986600000.00
2016,MARKETING YEAR,STATE,19,7,TOTAL,13687200000.00
2016,MARKETING YEAR,STATE,21,7,TOTAL,1325300000.00
2016,MARKETING YEAR,STATE,22,7,TOTAL,541000000.00
2016,MARKETING YEAR,STATE,24,7,TOTAL,803000000.00
2016,MARKETING YEAR,STATE,25,7,TOTAL,40600000.00
2016,MARKETING YEAR,STATE,26,7,TOTAL,3963900000.00
2016,MARKETING YEAR,STATE,27,7,TOTAL,2813900000.00
2016,MARKETING YEAR,STATE,28,7,TOTAL,1391900000.00
2016,MARKETING YEAR,STATE,29,7,TOTAL,3222600000.00
2016,MARKETING YEAR,STATE,30,7,TOTAL,135900000.00
2016,MARKETING YEAR,STATE,31,7,TOTAL,2570200000.00
2016,MARKETING YEAR,STATE,36,7,TOTAL,1673800000.00
2016,MARKETING YEAR,STATE,37,7,TOTAL,3731400000.00
2016,MARKETING YEAR,STATE,39,7,TOTAL,10264100000.00
2016,MARKETING YEAR,STATE,40,7,TOTAL,691800000.00
2016,MARKETING YEAR,STATE,41,7,TOTAL,732000000.00
2016,MARKETING YEAR,STATE,,7,TOTAL,5161800000.00
2016,MARKETING YEAR,STATE,42,7,TOTAL,8254400000.00
2016,MARKETING YEAR,STATE,45,7,TOTAL,1141700000.00
2016,MARKETING YEAR,STATE,46,7,TOTAL,594200000.00
2016,MARKETING YEAR,STATE,47,7,TOTAL,394500000.00
2016,MARKETING YEAR,STATE,48,7,TOTAL,5571800000.00
2016,MARKETING YEAR,STATE,49,7,TOTAL,1271400000.00
2016,MARKETING YEAR,STATE,50,7,TOTAL,38400000.00
2016,MARKETING YEAR,STATE,51,7,TOTAL,782300000.00
2016,MARKETING YEAR,STATE,53,7,TOTAL,2006500000.00
2016,MARKETING YEAR,STATE,54,7,TOTAL,287100000.00
2016,MARKETING YEAR,STATE,55,7,TOTAL,1628700000.00
2016,MAY,STATE,1,7,TOTAL,177500000.00
2016,MAY,STATE,5,7,TOTAL,290200000.00
2016,MAY,STATE,6,7,TOTAL,296700000.00
2016,MAY,STATE,8,7,TOTAL,121700000.00
2016,MAY,STATE,12,7,TOTAL,194100000.00
2016,MAY,STATE,13,7,TOTAL,438600000.00
2016,MAY,STATE,17,7,TOTAL,131500000.00
2016,MAY,STATE,18,7,TOTAL,749500000.00
2016,MAY,STATE,19,7,TOTAL,1210400000.00
2016,MAY,STATE,24,7,TOTAL,66500000.00
2016,MAY,STATE,26,7,TOTAL,335200000.00
2016,MAY,STATE,27,7,TOTAL,229800000.00
2016,MAY,STATE,28,7,TOTAL,117200000.00
2016,MAY,STATE,29,7,TOTAL,264100000.00
2016,MAY,STATE,31,7,TOTAL,228600000.00
2016,MAY,STATE,36,7,TOTAL,140800000.00
2016,MAY,STATE,37,7,TOTAL,305600000.00
2016,MAY,STATE,39,7,TOTAL,860400000.00
2016,MAY,STATE,41,7,TOTAL,63500000.00
2016,MAY,STATE,,7,TOTAL,736600000.00
2016,MAY,STATE,42,7,TOTAL,701000000.00
2016,MAY,STATE,45,7,TOTAL,101100000.00
2016,MAY,STATE,46,7,TOTAL,50100000.00
2016,MAY,STATE,48,7,TOTAL,472900000.00
2016,MAY,STATE,49,7,TOTAL,107000000.00
2016,MAY,STATE,51,7,TOTAL,64300000.00
2016,MAY,STATE,53,7,TOTAL,162400000.00
2016,MAY,STATE,55,7,TOTAL,136100000.00
2016,NOV,STATE,1,7,TOTAL,172000000.00
2016,NOV,STATE,5,7,TOTAL,275100000.00
2016,NOV,STATE,6,7,TOTAL,285400000.00
2016,NOV,STATE,8,7,TOTAL,114900000.00
2016,NOV,STATE,12,7,TOTAL,190000000.00
2016,NOV,STATE,13,7,TOTAL,427300000.00
2016,NOV,STATE,17,7,TOTAL,124100000.00
2016,NOV,STATE,18,7,TOTAL,783600000.00
2016,NOV,STATE,19,7,TOTAL,1302600000.00
2016,NOV,STATE,24,7,TOTAL,65800000.00
2016,NOV,STATE,26,7,TOTAL,346300000.00
2016,NOV,STATE,27,7,TOTAL,256500000.00
2016,NOV,STATE,28,7,TOTAL,113100000.00
2016,NOV,STATE,29,7,TOTAL,285600000.00
2016,NOV,STATE,31,7,TOTAL,223400000.00
2016,NOV,STATE,36,7,TOTAL,137400000.00
2016,NOV,STATE,37,7,TOTAL,326300000.00
2016,NOV,STATE,39,7,TOTAL,826600000.00
2016,NOV,STATE,41,7,TOTAL,64500000.00
2016,NOV,STATE,,7,TOTAL,697900000.00
2016,NOV,STATE,42,7,TOTAL,676800000.00
2016,NOV,STATE,45,7,TOTAL,85200000.00
2016,NOV,STATE,46,7,TOTAL,63500000.00
2016,NOV,STATE,48,7,TOTAL,464600000.00
2016,NOV,STATE,49,7,TOTAL,121200000.00
2016,NOV,STATE,51,7,TOTAL,60900000.00
2016,NOV,STATE,53,7,TOTAL,167700000.00
2016,NOV,STATE,55,7,TOTAL,141000000.00
2016,OCT,STATE,1,7,TOTAL,177400000.00
2016,OCT,STATE,5,7,TOTAL,281400000.00
2016,OCT,STATE,6,7,TOTAL,290600000.00
2016,OCT,STATE,8,7,TOTAL,117900000.00
2016,OCT,STATE,12,7,TOTAL,194100000.00
2016,OCT,STATE,13,7,TOTAL,429000000.00
2016,OCT,STATE,17,7,TOTAL,129600000.00
2016,OCT,STATE,18,7,TOTAL,798900000.00
2016,OCT,STATE,19,7,TOTAL,1306900000.00
2016,OCT,STATE,24,7,TOTAL,67200000.00
2016,OCT,STATE,26,7,TOTAL,336600000.00
2016,OCT,STATE,27,7,TOTAL,257100000.00
2016,OCT,STATE,28,7,TOTAL,116700000.00
2016,OCT,STATE,29,7,TOTAL,294800000.00
2016,OCT,STATE,31,7,TOTAL,229700000.00
2016,OCT,STATE,36,7,TOTAL,141000000.00
2016,OCT,STATE,37,7,TOTAL,326000000.00
2016,OCT,STATE,39,7,TOTAL,861200000.00
2016,OCT,STATE,41,7,TOTAL,63600000.00
2016,OCT,STATE,,7,TOTAL,732300000.00
2016,OCT,STATE,42,7,TOTAL,694700000.00
2016,OCT,STATE,45,7,TOTAL,87600000.00
2016,OCT,STATE,46,7,TOTAL,60300000.00
2016,OCT,STATE,48,7,TOTAL,474800000.00
2016,OCT,STATE,49,7,TOTAL,115200000.00
2016,OCT,STATE,51,7,TOTAL,67600000.00
2016,OCT,STATE,53,7,TOTAL,164400000.00
2016,OCT,STATE,55,7,TOTAL,143700000.00
2016,SEP,STATE,1,7,TOTAL,172900000.00
2016,SEP,STATE,5,7,TOTAL,270100000.00
2016,SEP,STATE,6,7,TOTAL,282500000.00
2016,SEP,STATE,8,7,TOTAL,109200000.00
2016,SEP,STATE,12,7,TOTAL,185800000.00
2016,SEP,STATE,13,7,TOTAL,414300000.00
2016,SEP,STATE,17,7,TOTAL,126300000.00
2016,SEP,STATE,18,7,TOTAL,751400000.00
2016,SEP,STATE,19,7,TOTAL,1266800000.00
2016,SEP,STATE,24,7,TOTAL,65200000.00
2016,SEP,STATE,26,7,TOTAL,312400000.00
2016,SEP,STATE,27,7,TOTAL,243700000.00
2016,SEP,STATE,28,7,TOTAL,113200000.00
2016,SEP,STATE,29,7,TOTAL,273900000.00
2016,SEP,STATE,31,7,TOTAL,226700000.00
2016,SEP,STATE,36,7,TOTAL,138500000.00
2016,SEP,STATE,37,7,TOTAL,303500000.00
2016,SEP,STATE,39,7,TOTAL,839500000.00
2016,SEP,STATE,41,7,TOTAL,56800000.00
2016,SEP,STATE,,7,TOTAL,716000000.00
2016,SEP,STATE,42,7,TOTAL,669800000.00
2016,SEP,STATE,45,7,TOTAL,84400000.00
2016,SEP,STATE,46,7,TOTAL,56900000.00
2016,SEP,STATE,48,7,TOTAL,452400000.00
2016,SEP,STATE,49,7,TOTAL,104100000.00
2016,SEP,STATE,51,7,TOTAL,66600000.00
2016,SEP,STATE,53,7,TOTAL,162000000.00
2016,SEP,STATE,55,7,TOTAL,140100000.00
2015,APR,STATE,1,7,TOTAL,176000000.00
2015,APR,STATE,5,7,TOTAL,279200000.00
2015,APR,STATE,6,7,TOTAL,269200000.00
2015,APR,STATE,8,7,TOTAL,106900000.00
2015,APR,STATE,12,7,TOTAL,204500000.00
2015,APR,STATE,13,7,TOTAL,406200000.00
2015,APR,STATE,17,7,TOTAL,111700000.00
2015,APR,STATE,18,7,TOTAL,639200000.00
2015,APR,STATE,19,7,TOTAL,1325800000.00
2015,APR,STATE,24,7,TOTAL,59000000.00
2015,APR,STATE,26,7,TOTAL,315000000.00
2015,APR,STATE,27,7,TOTAL,279800000.00
2015,APR,STATE,28,7,TOTAL,115600000.00
2015,APR,STATE,29,7,TOTAL,259800000.00
2015,APR,STATE,31,7,TOTAL,233900000.00
2015,APR,STATE,36,7,TOTAL,119100000.00
2015,APR,STATE,37,7,TOTAL,300800000.00
2015,APR,STATE,39,7,TOTAL,846300000.00
2015,APR,STATE,41,7,TOTAL,59000000.00
2015,APR,STATE,,7,TOTAL,642300000.00
2015,APR,STATE,42,7,TOTAL,657000000.00
2015,APR,STATE,45,7,TOTAL,94600000.00
2015,APR,STATE,46,7,TOTAL,65100000.00
2015,APR,STATE,48,7,TOTAL,421400000.00
2015,APR,STATE,49,7,TOTAL,98100000.00
2015,APR,STATE,51,7,TOTAL,60200000.00
2015,APR,STATE,53,7,TOTAL,172700000.00
2015,APR,STATE,55,7,TOTAL,119500000.00
2015,AUG,STATE,1,7,TOTAL,190700000.00
2015,AUG,STATE,5,7,TOTAL,279600000.00
2015,AUG,STATE,6,7,TOTAL,277100000.00
2015,AUG,STATE,8,7,TOTAL,119000000.00
2015,AUG,STATE,12,7,TOTAL,207600000.00
2015,AUG,STATE,13,7,TOTAL,422200000.00
2015,AUG,STATE,17,7,TOTAL,108900000.00
2015,AUG,STATE,18,7,TOTAL,695900000.00
2015,AUG,STATE,19,7,TOTAL,794900000.00
2015,AUG,STATE,24,7,TOTAL,68000000.00
2015,AUG,STATE,26,7,TOTAL,324600000.00
2015,AUG,STATE,27,7,TOTAL,203600000.00
2015,AUG,STATE,28,7,TOTAL,118100000.00
2015,AUG,STATE,29,7,TOTAL,245600000.00
2015,AUG,STATE,31,7,TOTAL,150000000.00
2015,AUG,STATE,36,7,TOTAL,129900000.00
2015,AUG,STATE,37,7,TOTAL,309600000.00
2015,AUG,STATE,39,7,TOTAL,882800000.00
2015,AUG,STATE,41,7,TOTAL,65600000.00
2015,AUG,STATE,,7,TOTAL,689200000.00
2015,AUG,STATE,42,7,TOTAL,652600000.00
2015,AUG,STATE,45,7,TOTAL,95900000.00
2015,AUG,STATE,46,7,TOTAL,39300000.00
2015,AUG,STATE,48,7,TOTAL,451400000.00
2015,AUG,STATE,49,7,TOTAL,107400000.00
2015,AUG,STATE,51,7,TOTAL,58500000.00
2015,AUG,STATE,53,7,TOTAL,178700000.00
2015,AUG,STATE,55,7,TOTAL,112100000.00
2015,DEC,STATE,1,7,TOTAL,182400000.00
2015,DEC,STATE,5,7,TOTAL,287400000.00
2015,DEC,STATE,6,7,TOTAL,289200000.00
2015,DEC,STATE,8,7,TOTAL,113700000.00
2015,DEC,STATE,12,7,TOTAL,217800000.00
2015,DEC,STATE,13,7,TOTAL,453900000.00
2015,DEC,STATE,17,7,TOTAL,126400000.00
2015,DEC,STATE,18,7,TOTAL,755200000.00
2015,DEC,STATE,19,7,TOTAL,853100000.00
2015,DEC,STATE,24,7,TOTAL,70500000.00
2015,DEC,STATE,26,7,TOTAL,329100000.00
2015,DEC,STATE,27,7,TOTAL,227700000.00
2015,DEC,STATE,28,7,TOTAL,120500000.00
2015,DEC,STATE,29,7,TOTAL,279600000.00
2015,DEC,STATE,31,7,TOTAL,164300000.00
2015,DEC,STATE,36,7,TOTAL,141500000.00
2015,DEC,STATE,37,7,TOTAL,330400000.00
2015,DEC,STATE,39,7,TOTAL,897100000.00
2015,DEC,STATE,41,7,TOTAL,57000000.00
2015,DEC,STATE,,7,TOTAL,710100000.00
2015,DEC,STATE,42,7,TOTAL,677500000.00
2015,DEC,STATE,45,7,TOTAL,101300000.00
2015,DEC,STATE,46,7,TOTAL,36600000.00
2015,DEC,STATE,48,7,TOTAL,473300000.00
2015,DEC,STATE,49,7,TOTAL,102200000.00
2015,DEC,STATE,51,7,TOTAL,69100000.00
2015,DEC,STATE,53,7,TOTAL,175200000.00
2015,DEC,STATE,55,7,TOTAL,124500000.00
2015,FEB,STATE,1,7,TOTAL,160900000.00
2015,FEB,STATE,5,7,TOTAL,246500000.00
2015,FEB,STATE,6,7,TOTAL,245600000.00
2015,FEB,STATE,8,7,TOTAL,94600000.00
2015,FEB,STATE,12,7,TOTAL,188400000.00
2015,FEB,STATE,13,7,TOTAL,377700000.00
2015,FEB,STATE,17,7,TOTAL,103500000.00
2015,FEB,STATE,18,7,TOTAL,556400000.00
2015,FEB,STATE,19,7,TOTAL,1293200000.00
2015,FEB,STATE,24,7,TOTAL,61800000.00
2015,FEB,STATE,26,7,TOTAL,293900000.00
2015,FEB,STATE,27,7,TOTAL,259200000.00
2015,FEB,STATE,28,7,TOTAL,107700000.00
2015,FEB,STATE,29,7,TOTAL,232600000.00
2015,FEB,STATE,31,7,TOTAL,219600000.00
2015,FEB,STATE,36,7,TOTAL,114700000.00
2015,FEB,STATE,37,7,TOTAL,277800000.00
2015,FEB,STATE,39,7,TOTAL,761900000.00
2015,FEB,STATE,41,7,TOTAL,56900000.00
2015,FEB,STATE,,7,TOTAL,586300000.00
2015,FEB,STATE,42,7,TOTAL,600800000.00
2015,FEB,STATE,45,7,TOTAL,92000000.00
2015,FEB,STATE,46,7,TOTAL,57400000.00
2015,FEB,STATE,48,7,TOTAL,380000000.00
2015,FEB,STATE,49,7,TOTAL,96100000.00
2015,FEB,STATE,51,7,TOTAL,57400000.00
2015,FEB,STATE,53,7,TOTAL,155800000.00
2015,FEB,STATE,55,7,TOTAL,117800000.00
2015,JAN,STATE,1,7,TOTAL,180200000.00
2015,JAN,STATE,5,7,TOTAL,275800000.00
2015,JAN,STATE,6,7,TOTAL,270000000.00
2015,JAN,STATE,8,7,TOTAL,103500000.00
2015,JAN,STATE,12,7,TOTAL,210700000.00
2015,JAN,STATE,13,7,TOTAL,421100000.00
2015,JAN,STATE,17,7,TOTAL,117300000.00
2015,JAN,STATE,18,7,TOTAL,642200000.00
2015,JAN,STATE,19,7,TOTAL,1446600000.00
2015,JAN,STATE,24,7,TOTAL,69200000.00
2015,JAN,STATE,26,7,TOTAL,326700000.00
2015,JAN,STATE,27,7,TOTAL,287900000.00
2015,JAN,STATE,28,7,TOTAL,117900000.00
2015,JAN,STATE,29,7,TOTAL,260200000.00
2015,JAN,STATE,31,7,TOTAL,244100000.00
2015,JAN,STATE,36,7,TOTAL,128300000.00
2015,JAN,STATE,37,7,TOTAL,315000000.00
2015,JAN,STATE,39,7,TOTAL,839900000.00
2015,JAN,STATE,41,7,TOTAL,60800000.00
2015,JAN,STATE,,7,TOTAL,650700000.00
2015,JAN,STATE,42,7,TOTAL,672800000.00
2015,JAN,STATE,45,7,TOTAL,96800000.00
2015,JAN,STATE,46,7,TOTAL,64200000.00
2015,JAN,STATE,48,7,TOTAL,430000000.00
2015,JAN,STATE,49,7,TOTAL,111200000.00
2015,JAN,STATE,51,7,TOTAL,65400000.00
2015,JAN,STATE,53,7,TOTAL,180900000.00
2015,JAN,STATE,55,7,TOTAL,133200000.00
2015,JUL,STATE,1,7,TOTAL,188000000.00
2015,JUL,STATE,5,7,TOTAL,279800000.00
2015,JUL,STATE,6,7,TOTAL,272700000.00
2015,JUL,STATE,8,7,TOTAL,118900000.00
2015,JUL,STATE,12,7,TOTAL,206800000.00
2015,JUL,STATE,13,7,TOTAL,418900000.00
2015,JUL,STATE,17,7,TOTAL,105700000.00
2015,JUL,STATE,18,7,TOTAL,696000000.00
2015,JUL,STATE,19,7,TOTAL,801300000.00
2015,JUL,STATE,24,7,TOTAL,68300000.00
2015,JUL,STATE,26,7,TOTAL,318100000.00
2015,JUL,STATE,27,7,TOTAL,200500000.00
2015,JUL,STATE,28,7,TOTAL,121300000.00
2015,JUL,STATE,29,7,TOTAL,245400000.00
2015,JUL,STATE,31,7,TOTAL,151200000.00
2015,JUL,STATE,36,7,TOTAL,126100000.00
2015,JUL,STATE,37,7,TOTAL,308100000.00
2015,JUL,STATE,39,7,TOTAL,878300000.00
2015,JUL,STATE,41,7,TOTAL,64100000.00
2015,JUL,STATE,,7,TOTAL,684800000.00
2015,JUL,STATE,42,7,TOTAL,650700000.00
2015,JUL,STATE,45,7,TOTAL,100500000.00
2015,JUL,STATE,46,7,TOTAL,39300000.00
2015,JUL,STATE,48,7,TOTAL,445900000.00
2015,JUL,STATE,49,7,TOTAL,110100000.00
2015,JUL,STATE,51,7,TOTAL,58900000.00
2015,JUL,STATE,53,7,TOTAL,181400000.00
2015,JUL,STATE,55,7,TOTAL,106900000.00
2015,JUN,STATE,1,7,TOTAL,182500000.00
2015,JUN,STATE,5,7,TOTAL,268900000.00
2015,JUN,STATE,6,7,TOTAL,267100000.00
2015,JUN,STATE,8,7,TOTAL,109100000.00
2015,JUN,STATE,12,7,TOTAL,197700000.00
2015,JUN,STATE,13,7,TOTAL,403400000.00
2015,JUN,STATE,17,7,TOTAL,101800000.00
2015,JUN,STATE,18,7,TOTAL,659300000.00
2015,JUN,STATE,19,7,TOTAL,788300000.00
2015,JUN,STATE,24,7,TOTAL,66300000.00
2015,JUN,STATE,26,7,TOTAL,310100000.00
2015,JUN,STATE,27,7,TOTAL,189800000.00
2015,JUN,STATE,28,7,TOTAL,120000000.00
2015,JUN,STATE,29,7,TOTAL,242000000.00
2015,JUN,STATE,31,7,TOTAL,161700000.00
2015,JUN,STATE,36,7,TOTAL,120600000.00
2015,JUN,STATE,37,7,TOTAL,295500000.00
2015,JUN,STATE,39,7,TOTAL,849300000.00
2015,JUN,STATE,41,7,TOTAL,59600000.00
2015,JUN,STATE,,7,TOTAL,653100000.00
2015,JUN,STATE,42,7,TOTAL,629400000.00
2015,JUN,STATE,45,7,TOTAL,98800000.00
2015,JUN,STATE,46,7,TOTAL,41100000.00
2015,JUN,STATE,48,7,TOTAL,421400000.00
2015,JUN,STATE,49,7,TOTAL,105900000.00
2015,JUN,STATE,51,7,TOTAL,61000000.00
2015,JUN,STATE,53,7,TOTAL,171000000.00
2015,JUN,STATE,55,7,TOTAL,97700000.00
2015,MAR,STATE,1,7,TOTAL,178900000.00
2015,MAR,STATE,5,7,TOTAL,282900000.00
2015,MAR,STATE,6,7,TOTAL,273100000.00
2015,MAR,STATE,8,7,TOTAL,106600000.00
2015,MAR,STATE,12,7,TOTAL,220100000.00
2015,MAR,STATE,13,7,TOTAL,422000000.00
2015,MAR,STATE,17,7,TOTAL,113000000.00
2015,MAR,STATE,18,7,TOTAL,651800000.00
2015,MAR,STATE,19,7,TOTAL,1434500000.00
2015,MAR,STATE,24,7,TOTAL,64900000.00
2015,MAR,STATE,26,7,TOTAL,328300000.00
2015,MAR,STATE,27,7,TOTAL,289200000.00
2015,MAR,STATE,28,7,TOTAL,121200000.00
2015,MAR,STATE,29,7,TOTAL,267200000.00
2015,MAR,STATE,31,7,TOTAL,241400000.00
2015,MAR,STATE,36,7,TOTAL,127700000.00
2015,MAR,STATE,37,7,TOTAL,313700000.00
2015,MAR,STATE,39,7,TOTAL,866600000.00
2015,MAR,STATE,41,7,TOTAL,65000000.00
2015,MAR,STATE,,7,TOTAL,652700000.00
2015,MAR,STATE,42,7,TOTAL,676300000.00
2015,MAR,STATE,45,7,TOTAL,101900000.00
2015,MAR,STATE,46,7,TOTAL,66800000.00
2015,MAR,STATE,48,7,TOTAL,435300000.00
2015,MAR,STATE,49,7,TOTAL,103300000.00
2015,MAR,STATE,51,7,TOTAL,62400000.00
2015,MAR,STATE,53,7,TOTAL,175100000.00
2015,MAR,STATE,55,7,TOTAL,129300000.00
2015,MARKETING YEAR,STATE,1,7,TOTAL,2185000000.00
2015,MARKETING YEAR,STATE,5,7,TOTAL,3275400000.00
2015,MARKETING YEAR,STATE,6,7,TOTAL,3302800000.00
2015,MARKETING YEAR,STATE,8,7,TOTAL,1322800000.00
2015,MARKETING YEAR,STATE,12,7,TOTAL,2463100000.00
2015,MARKETING YEAR,STATE,13,7,TOTAL,4995800000.00
2015,MARKETING YEAR,STATE,17,7,TOTAL,1356400000.00
2015,MARKETING YEAR,STATE,18,7,TOTAL,8025400000.00
2015,MARKETING YEAR,STATE,19,7,TOTAL,12730200000.00
2015,MARKETING YEAR,STATE,21,7,TOTAL,1285900000.00
2015,MARKETING YEAR,STATE,22,7,TOTAL,560800000.00
2015,MARKETING YEAR,STATE,24,7,TOTAL,779000000.00
2015,MARKETING YEAR,STATE,25,7,TOTAL,44700000.00
2015,MARKETING YEAR,STATE,26,7,TOTAL,3844700000.00
2015,MARKETING YEAR,STATE,27,7,TOTAL,2874900000.00
2015,MARKETING YEAR,STATE,28,7,TOTAL,1405500000.00
2015,MARKETING YEAR,STATE,29,7,TOTAL,3057000000.00
2015,MARKETING YEAR,STATE,30,7,TOTAL,142100000.00
2015,MARKETING YEAR,STATE,31,7,TOTAL,2290700000.00
2015,MARKETING YEAR,STATE,36,7,TOTAL,1523200000.00
2015,MARKETING YEAR,STATE,37,7,TOTAL,3659300000.00
2015,MARKETING YEAR,STATE,39,7,TOTAL,10276100000.00
2015,MARKETING YEAR,STATE,40,7,TOTAL,699000000.00
2015,MARKETING YEAR,STATE,41,7,TOTAL,731100000.00
2015,MARKETING YEAR,STATE,,7,TOTAL,4517000000.00
2015,MARKETING YEAR,STATE,42,7,TOTAL,7831100000.00
2015,MARKETING YEAR,STATE,45,7,TOTAL,1163500000.00
2015,MARKETING YEAR,STATE,46,7,TOTAL,604500000.00
2015,MARKETING YEAR,STATE,47,7,TOTAL,349100000.00
2015,MARKETING YEAR,STATE,48,7,TOTAL,5162500000.00
2015,MARKETING YEAR,STATE,49,7,TOTAL,1252200000.00
2015,MARKETING YEAR,STATE,50,7,TOTAL,38400000.00
2015,MARKETING YEAR,STATE,51,7,TOTAL,752000000.00
2015,MARKETING YEAR,STATE,53,7,TOTAL,2094900000.00
2015,MARKETING YEAR,STATE,54,7,TOTAL,279200000.00
2015,MARKETING YEAR,STATE,55,7,TOTAL,1415600000.00
2015,MAY,STATE,1,7,TOTAL,186500000.00
2015,MAY,STATE,5,7,TOTAL,281100000.00
2015,MAY,STATE,6,7,TOTAL,280500000.00
2015,MAY,STATE,8,7,TOTAL,111800000.00
2015,MAY,STATE,12,7,TOTAL,201200000.00
2015,MAY,STATE,13,7,TOTAL,416700000.00
2015,MAY,STATE,17,7,TOTAL,110100000.00
2015,MAY,STATE,18,7,TOTAL,664300000.00
2015,MAY,STATE,19,7,TOTAL,1054300000.00
2015,MAY,STATE,24,7,TOTAL,64400000.00
2015,MAY,STATE,26,7,TOTAL,323200000.00
2015,MAY,STATE,27,7,TOTAL,239600000.00
2015,MAY,STATE,28,7,TOTAL,120900000.00
2015,MAY,STATE,29,7,TOTAL,258800000.00
2015,MAY,STATE,31,7,TOTAL,209900000.00
2015,MAY,STATE,36,7,TOTAL,122800000.00
2015,MAY,STATE,37,7,TOTAL,303600000.00
2015,MAY,STATE,39,7,TOTAL,868400000.00
2015,MAY,STATE,41,7,TOTAL,58700000.00
2015,MAY,STATE,,7,TOTAL,665700000.00
2015,MAY,STATE,42,7,TOTAL,658900000.00
2015,MAY,STATE,45,7,TOTAL,97300000.00
2015,MAY,STATE,46,7,TOTAL,57100000.00
2015,MAY,STATE,48,7,TOTAL,431800000.00
2015,MAY,STATE,49,7,TOTAL,103500000.00
2015,MAY,STATE,51,7,TOTAL,62800000.00
2015,MAY,STATE,53,7,TOTAL,173000000.00
2015,MAY,STATE,55,7,TOTAL,108200000.00
2015,NOV,STATE,1,7,TOTAL,180300000.00
2015,NOV,STATE,5,7,TOTAL,269700000.00
2015,NOV,STATE,6,7,TOTAL,274100000.00
2015,NOV,STATE,8,7,TOTAL,112200000.00
2015,NOV,STATE,12,7,TOTAL,206400000.00
2015,NOV,STATE,13,7,TOTAL,425800000.00
2015,NOV,STATE,17,7,TOTAL,123800000.00
2015,NOV,STATE,18,7,TOTAL,731000000.00
2015,NOV,STATE,19,7,TOTAL,781900000.00
2015,NOV,STATE,24,7,TOTAL,63700000.00
2015,NOV,STATE,26,7,TOTAL,322400000.00
2015,NOV,STATE,27,7,TOTAL,218800000.00
2015,NOV,STATE,28,7,TOTAL,114200000.00
2015,NOV,STATE,29,7,TOTAL,263600000.00
2015,NOV,STATE,31,7,TOTAL,147300000.00
2015,NOV,STATE,36,7,TOTAL,136100000.00
2015,NOV,STATE,37,7,TOTAL,307600000.00
2015,NOV,STATE,39,7,TOTAL,881200000.00
2015,NOV,STATE,41,7,TOTAL,58000000.00
2015,NOV,STATE,,7,TOTAL,678100000.00
2015,NOV,STATE,42,7,TOTAL,650800000.00
2015,NOV,STATE,45,7,TOTAL,98300000.00
2015,NOV,STATE,46,7,TOTAL,34200000.00
2015,NOV,STATE,48,7,TOTAL,436800000.00
2015,NOV,STATE,49,7,TOTAL,100300000.00
2015,NOV,STATE,51,7,TOTAL,66900000.00
2015,NOV,STATE,53,7,TOTAL,174900000.00
2015,NOV,STATE,55,7,TOTAL,121000000.00
2015,OCT,STATE,1,7,TOTAL,191400000.00
2015,OCT,STATE,5,7,TOTAL,271200000.00
2015,OCT,STATE,6,7,TOTAL,284900000.00
2015,OCT,STATE,8,7,TOTAL,116100000.00
2015,OCT,STATE,12,7,TOTAL,201100000.00
2015,OCT,STATE,13,7,TOTAL,433200000.00
2015,OCT,STATE,17,7,TOTAL,127700000.00
2015,OCT,STATE,18,7,TOTAL,734700000.00
2015,OCT,STATE,19,7,TOTAL,784400000.00
2015,OCT,STATE,24,7,TOTAL,61300000.00
2015,OCT,STATE,26,7,TOTAL,331200000.00
2015,OCT,STATE,27,7,TOTAL,220200000.00
2015,OCT,STATE,28,7,TOTAL,116800000.00
2015,OCT,STATE,29,7,TOTAL,260900000.00
2015,OCT,STATE,31,7,TOTAL,146000000.00
2015,OCT,STATE,36,7,TOTAL,136600000.00
2015,OCT,STATE,37,7,TOTAL,309900000.00
2015,OCT,STATE,39,7,TOTAL,884900000.00
2015,OCT,STATE,41,7,TOTAL,62400000.00
2015,OCT,STATE,,7,TOTAL,696000000.00
2015,OCT,STATE,42,7,TOTAL,664000000.00
2015,OCT,STATE,45,7,TOTAL,99700000.00
2015,OCT,STATE,46,7,TOTAL,35600000.00
2015,OCT,STATE,48,7,TOTAL,431700000.00
2015,OCT,STATE,49,7,TOTAL,101000000.00
2015,OCT,STATE,51,7,TOTAL,69100000.00
2015,OCT,STATE,53,7,TOTAL,180000000.00
2015,OCT,STATE,55,7,TOTAL,121900000.00
2015,SEP,STATE,1,7,TOTAL,187000000.00
2015,SEP,STATE,5,7,TOTAL,266100000.00
2015,SEP,STATE,6,7,TOTAL,273200000.00
2015,SEP,STATE,8,7,TOTAL,110700000.00
2015,SEP,STATE,12,7,TOTAL,196200000.00
2015,SEP,STATE,13,7,TOTAL,415700000.00
2015,SEP,STATE,17,7,TOTAL,116800000.00
2015,SEP,STATE,18,7,TOTAL,679300000.00
2015,SEP,STATE,19,7,TOTAL,763400000.00
2015,SEP,STATE,24,7,TOTAL,62800000.00
2015,SEP,STATE,26,7,TOTAL,317600000.00
2015,SEP,STATE,27,7,TOTAL,202900000.00
2015,SEP,STATE,28,7,TOTAL,113400000.00
2015,SEP,STATE,29,7,TOTAL,243300000.00
2015,SEP,STATE,31,7,TOTAL,141600000.00
2015,SEP,STATE,36,7,TOTAL,128900000.00
2015,SEP,STATE,37,7,TOTAL,300500000.00
2015,SEP,STATE,39,7,TOTAL,850900000.00
2015,SEP,STATE,41,7,TOTAL,61400000.00
2015,SEP,STATE,,7,TOTAL,673200000.00
2015,SEP,STATE,42,7,TOTAL,639000000.00
2015,SEP,STATE,45,7,TOTAL,94500000.00
2015,SEP,STATE,46,7,TOTAL,36000000.00
2015,SEP,STATE,48,7,TOTAL,425300000.00
2015,SEP,STATE,49,7,TOTAL,100500000.00
2015,SEP,STATE,51,7,TOTAL,63200000.00
2015,SEP,STATE,53,7,TOTAL,173000000.00
2015,SEP,STATE,55,7,TOTAL,110600000.00
2014,APR,STATE,1,7,TOTAL,173300000.00
2014,APR,STATE,5,7,TOTAL,248400000.00
2014,APR,STATE,6,7,TOTAL,389400000.00
2014,APR,STATE,8,7,TOTAL,120100000.00
2014,APR,STATE,12,7,TOTAL,198600000.00
2014,APR,STATE,13,7,TOTAL,403000000.00
2014,APR,STATE,17,7,TOTAL,117100000.00
2014,APR,STATE,18,7,TOTAL,647300000.00
2014,APR,STATE,19,7,TOTAL,1362200000.00
2014,APR,STATE,24,7,TOTAL,65000000.00
2014,APR,STATE,26,7,TOTAL,325600000.00
2014,APR,STATE,27,7,TOTAL,245800000.00
2014,APR,STATE,28,7,TOTAL,114700000.00
2014,APR,STATE,29,7,TOTAL,251000000.00
2014,APR,STATE,31,7,TOTAL,231200000.00
2014,APR,STATE,36,7,TOTAL,120800000.00
2014,APR,STATE,37,7,TOTAL,270400000.00
2014,APR,STATE,39,7,TOTAL,791900000.00
2014,APR,STATE,41,7,TOTAL,58800000.00
2014,APR,STATE,,7,TOTAL,611200000.00
2014,APR,STATE,42,7,TOTAL,616400000.00
2014,APR,STATE,45,7,TOTAL,91700000.00
2014,APR,STATE,46,7,TOTAL,59000000.00
2014,APR,STATE,48,7,TOTAL,418300000.00
2014,APR,STATE,49,7,TOTAL,91800000.00
2014,APR,STATE,51,7,TOTAL,63500000.00
2014,APR,STATE,53,7,TOTAL,160200000.00
2014,APR,STATE,55,7,TOTAL,117500000.00
2014,AUG,STATE,1,7,TOTAL,180300000.00
2014,AUG,STATE,5,7,TOTAL,268600000.00
2014,AUG,STATE,6,7,TOTAL,375800000.00
2014,AUG,STATE,8,7,TOTAL,123600000.00
2014,AUG,STATE,12,7,TOTAL,199800000.00
2014,AUG,STATE,13,7,TOTAL,404600000.00
2014,AUG,STATE,17,7,TOTAL,122800000.00
2014,AUG,STATE,18,7,TOTAL,647600000.00
2014,AUG,STATE,19,7,TOTAL,1411800000.00
2014,AUG,STATE,24,7,TOTAL,67300000.00
2014,AUG,STATE,26,7,TOTAL,331000000.00
2014,AUG,STATE,27,7,TOTAL,271400000.00
2014,AUG,STATE,28,7,TOTAL,111400000.00
2014,AUG,STATE,29,7,TOTAL,269800000.00
2014,AUG,STATE,31,7,TOTAL,246100000.00
2014,AUG,STATE,36,7,TOTAL,126300000.00
2014,AUG,STATE,37,7,TOTAL,288600000.00
2014,AUG,STATE,39,7,TOTAL,846100000.00
2014,AUG,STATE,41,7,TOTAL,63800000.00
2014,AUG,STATE,,7,TOTAL,626500000.00
2014,AUG,STATE,42,7,TOTAL,643000000.00
2014,AUG,STATE,45,7,TOTAL,87300000.00
2014,AUG,STATE,46,7,TOTAL,65300000.00
2014,AUG,STATE,48,7,TOTAL,433900000.00
2014,AUG,STATE,49,7,TOTAL,107400000.00
2014,AUG,STATE,51,7,TOTAL,66700000.00
2014,AUG,STATE,53,7,TOTAL,170700000.00
2014,AUG,STATE,55,7,TOTAL,120600000.00
2014,DEC,STATE,1,7,TOTAL,182600000.00
2014,DEC,STATE,5,7,TOTAL,274600000.00
2014,DEC,STATE,6,7,TOTAL,315300000.00
2014,DEC,STATE,8,7,TOTAL,113400000.00
2014,DEC,STATE,12,7,TOTAL,222400000.00
2014,DEC,STATE,13,7,TOTAL,432900000.00
2014,DEC,STATE,17,7,TOTAL,116100000.00
2014,DEC,STATE,18,7,TOTAL,675300000.00
2014,DEC,STATE,19,7,TOTAL,1461600000.00
2014,DEC,STATE,24,7,TOTAL,69300000.00
2014,DEC,STATE,26,7,TOTAL,333600000.00
2014,DEC,STATE,27,7,TOTAL,283400000.00
2014,DEC,STATE,28,7,TOTAL,118400000.00
2014,DEC,STATE,29,7,TOTAL,277600000.00
2014,DEC,STATE,31,7,TOTAL,244000000.00
2014,DEC,STATE,36,7,TOTAL,132400000.00
2014,DEC,STATE,37,7,TOTAL,317200000.00
2014,DEC,STATE,39,7,TOTAL,865600000.00
2014,DEC,STATE,41,7,TOTAL,59600000.00
2014,DEC,STATE,,7,TOTAL,644100000.00
2014,DEC,STATE,42,7,TOTAL,678800000.00
2014,DEC,STATE,45,7,TOTAL,93200000.00
2014,DEC,STATE,46,7,TOTAL,68400000.00
2014,DEC,STATE,48,7,TOTAL,451500000.00
2014,DEC,STATE,49,7,TOTAL,114800000.00
2014,DEC,STATE,51,7,TOTAL,66200000.00
2014,DEC,STATE,53,7,TOTAL,178400000.00
2014,DEC,STATE,55,7,TOTAL,137400000.00
2014,FEB,STATE,1,7,TOTAL,158400000.00
2014,FEB,STATE,5,7,TOTAL,226400000.00
2014,FEB,STATE,6,7,TOTAL,356500000.00
2014,FEB,STATE,8,7,TOTAL,109700000.00
2014,FEB,STATE,12,7,TOTAL,182400000.00
2014,FEB,STATE,13,7,TOTAL,366800000.00
2014,FEB,STATE,17,7,TOTAL,106400000.00
2014,FEB,STATE,18,7,TOTAL,599800000.00
2014,FEB,STATE,19,7,TOTAL,1229300000.00
2014,FEB,STATE,24,7,TOTAL,59000000.00
2014,FEB,STATE,26,7,TOTAL,290100000.00
2014,FEB,STATE,27,7,TOTAL,228900000.00
2014,FEB,STATE,28,7,TOTAL,107400000.00
2014,FEB,STATE,29,7,TOTAL,224500000.00
2014,FEB,STATE,31,7,TOTAL,218300000.00
2014,FEB,STATE,36,7,TOTAL,112500000.00
2014,FEB,STATE,37,7,TOTAL,257800000.00
2014,FEB,STATE,39,7,TOTAL,733200000.00
2014,FEB,STATE,41,7,TOTAL,51600000.00
2014,FEB,STATE,,7,TOTAL,567300000.00
2014,FEB,STATE,42,7,TOTAL,586700000.00
2014,FEB,STATE,45,7,TOTAL,85400000.00
2014,FEB,STATE,46,7,TOTAL,58100000.00
2014,FEB,STATE,48,7,TOTAL,392200000.00
2014,FEB,STATE,49,7,TOTAL,83600000.00
2014,FEB,STATE,51,7,TOTAL,53000000.00
2014,FEB,STATE,53,7,TOTAL,145000000.00
2014,FEB,STATE,55,7,TOTAL,104900000.00
2014,JAN,STATE,1,7,TOTAL,176900000.00
2014,JAN,STATE,5,7,TOTAL,255500000.00
2014,JAN,STATE,6,7,TOTAL,396600000.00
2014,JAN,STATE,8,7,TOTAL,122900000.00
2014,JAN,STATE,12,7,TOTAL,201000000.00
2014,JAN,STATE,13,7,TOTAL,406000000.00
2014,JAN,STATE,17,7,TOTAL,114900000.00
2014,JAN,STATE,18,7,TOTAL,659200000.00
2014,JAN,STATE,19,7,TOTAL,1364000000.00
2014,JAN,STATE,24,7,TOTAL,66200000.00
2014,JAN,STATE,26,7,TOTAL,309900000.00
2014,JAN,STATE,27,7,TOTAL,256400000.00
2014,JAN,STATE,28,7,TOTAL,117700000.00
2014,JAN,STATE,29,7,TOTAL,248000000.00
2014,JAN,STATE,31,7,TOTAL,237400000.00
2014,JAN,STATE,36,7,TOTAL,125400000.00
2014,JAN,STATE,37,7,TOTAL,283200000.00
2014,JAN,STATE,39,7,TOTAL,811900000.00
2014,JAN,STATE,41,7,TOTAL,61200000.00
2014,JAN,STATE,,7,TOTAL,626100000.00
2014,JAN,STATE,42,7,TOTAL,657800000.00
2014,JAN,STATE,45,7,TOTAL,101000000.00
2014,JAN,STATE,46,7,TOTAL,65200000.00
2014,JAN,STATE,48,7,TOTAL,434900000.00
2014,JAN,STATE,49,7,TOTAL,93800000.00
2014,JAN,STATE,51,7,TOTAL,61300000.00
2014,JAN,STATE,53,7,TOTAL,161400000.00
2014,JAN,STATE,55,7,TOTAL,130800000.00
2014,JUL,STATE,1,7,TOTAL,185100000.00
2014,JUL,STATE,5,7,TOTAL,264100000.00
2014,JUL,STATE,6,7,TOTAL,388500000.00
2014,JUL,STATE,8,7,TOTAL,124600000.00
2014,JUL,STATE,12,7,TOTAL,198900000.00
2014,JUL,STATE,13,7,TOTAL,401200000.00
2014,JUL,STATE,17,7,TOTAL,119800000.00
2014,JUL,STATE,18,7,TOTAL,659300000.00
2014,JUL,STATE,19,7,TOTAL,1404600000.00
2014,JUL,STATE,24,7,TOTAL,67100000.00
2014,JUL,STATE,26,7,TOTAL,329700000.00
2014,JUL,STATE,27,7,TOTAL,270800000.00
2014,JUL,STATE,28,7,TOTAL,112000000.00
2014,JUL,STATE,29,7,TOTAL,257300000.00
2014,JUL,STATE,31,7,TOTAL,249100000.00
2014,JUL,STATE,36,7,TOTAL,126700000.00
2014,JUL,STATE,37,7,TOTAL,290700000.00
2014,JUL,STATE,39,7,TOTAL,858400000.00
2014,JUL,STATE,41,7,TOTAL,64300000.00
2014,JUL,STATE,,7,TOTAL,623600000.00
2014,JUL,STATE,42,7,TOTAL,638300000.00
2014,JUL,STATE,45,7,TOTAL,90300000.00
2014,JUL,STATE,46,7,TOTAL,61600000.00
2014,JUL,STATE,48,7,TOTAL,436700000.00
2014,JUL,STATE,49,7,TOTAL,100300000.00
2014,JUL,STATE,51,7,TOTAL,67100000.00
2014,JUL,STATE,53,7,TOTAL,169700000.00
2014,JUL,STATE,55,7,TOTAL,119100000.00
2014,JUN,STATE,1,7,TOTAL,180900000.00
2014,JUN,STATE,5,7,TOTAL,251300000.00
2014,JUN,STATE,6,7,TOTAL,374900000.00
2014,JUN,STATE,8,7,TOTAL,120000000.00
2014,JUN,STATE,12,7,TOTAL,188600000.00
2014,JUN,STATE,13,7,TOTAL,388500000.00
2014,JUN,STATE,17,7,TOTAL,113500000.00
2014,JUN,STATE,18,7,TOTAL,641000000.00
2014,JUN,STATE,19,7,TOTAL,1362800000.00
2014,JUN,STATE,24,7,TOTAL,65600000.00
2014,JUN,STATE,26,7,TOTAL,315900000.00
2014,JUN,STATE,27,7,TOTAL,251200000.00
2014,JUN,STATE,28,7,TOTAL,108900000.00
2014,JUN,STATE,29,7,TOTAL,243100000.00
2014,JUN,STATE,31,7,TOTAL,239500000.00
2014,JUN,STATE,36,7,TOTAL,122200000.00
2014,JUN,STATE,37,7,TOTAL,275600000.00
2014,JUN,STATE,39,7,TOTAL,797900000.00
2014,JUN,STATE,41,7,TOTAL,62800000.00
2014,JUN,STATE,,7,TOTAL,602600000.00
2014,JUN,STATE,42,7,TOTAL,615600000.00
2014,JUN,STATE,45,7,TOTAL,93300000.00
2014,JUN,STATE,46,7,TOTAL,58900000.00
2014,JUN,STATE,48,7,TOTAL,418800000.00
2014,JUN,STATE,49,7,TOTAL,92500000.00
2014,JUN,STATE,51,7,TOTAL,64600000.00
2014,JUN,STATE,53,7,TOTAL,158100000.00
2014,JUN,STATE,55,7,TOTAL,112800000.00
2014,MAR,STATE,1,7,TOTAL,175800000.00
2014,MAR,STATE,5,7,TOTAL,253100000.00
2014,MAR,STATE,6,7,TOTAL,407600000.00
2014,MAR,STATE,8,7,TOTAL,123400000.00
2014,MAR,STATE,12,7,TOTAL,206400000.00
2014,MAR,STATE,13,7,TOTAL,411100000.00
2014,MAR,STATE,17,7,TOTAL,120600000.00
2014,MAR,STATE,18,7,TOTAL,674300000.00
2014,MAR,STATE,19,7,TOTAL,1362400000.00
2014,MAR,STATE,24,7,TOTAL,66200000.00
2014,MAR,STATE,26,7,TOTAL,342500000.00
2014,MAR,STATE,27,7,TOTAL,252400000.00
2014,MAR,STATE,28,7,TOTAL,119300000.00
2014,MAR,STATE,29,7,TOTAL,249300000.00
2014,MAR,STATE,31,7,TOTAL,237100000.00
2014,MAR,STATE,36,7,TOTAL,125100000.00
2014,MAR,STATE,37,7,TOTAL,279700000.00
2014,MAR,STATE,39,7,TOTAL,826800000.00
2014,MAR,STATE,41,7,TOTAL,58400000.00
2014,MAR,STATE,,7,TOTAL,629700000.00
2014,MAR,STATE,42,7,TOTAL,641200000.00
2014,MAR,STATE,45,7,TOTAL,91700000.00
2014,MAR,STATE,46,7,TOTAL,64600000.00
2014,MAR,STATE,48,7,TOTAL,437500000.00
2014,MAR,STATE,49,7,TOTAL,93300000.00
2014,MAR,STATE,51,7,TOTAL,62700000.00
2014,MAR,STATE,53,7,TOTAL,163100000.00
2014,MAR,STATE,55,7,TOTAL,112000000.00
2014,MARKETING YEAR,STATE,1,7,TOTAL,2125800000.00
2014,MARKETING YEAR,STATE,5,7,TOTAL,3059700000.00
2014,MARKETING YEAR,STATE,6,7,TOTAL,4586800000.00
2014,MARKETING YEAR,STATE,8,7,TOTAL,1444300000.00
2014,MARKETING YEAR,STATE,12,7,TOTAL,2386800000.00
2014,MARKETING YEAR,STATE,13,7,TOTAL,4830500000.00
2014,MARKETING YEAR,STATE,17,7,TOTAL,1406500000.00
2014,MARKETING YEAR,STATE,18,7,TOTAL,7762000000.00
2014,MARKETING YEAR,STATE,19,7,TOTAL,16513000000.00
2014,MARKETING YEAR,STATE,21,7,TOTAL,1218400000.00
2014,MARKETING YEAR,STATE,22,7,TOTAL,538100000.00
2014,MARKETING YEAR,STATE,24,7,TOTAL,786700000.00
2014,MARKETING YEAR,STATE,25,7,TOTAL,41100000.00
2014,MARKETING YEAR,STATE,26,7,TOTAL,3862900000.00
2014,MARKETING YEAR,STATE,27,7,TOTAL,3071100000.00
2014,MARKETING YEAR,STATE,28,7,TOTAL,1354200000.00
2014,MARKETING YEAR,STATE,29,7,TOTAL,3042200000.00
2014,MARKETING YEAR,STATE,30,7,TOTAL,141000000.00
2014,MARKETING YEAR,STATE,31,7,TOTAL,2860400000.00
2014,MARKETING YEAR,STATE,36,7,TOTAL,1491200000.00
2014,MARKETING YEAR,STATE,37,7,TOTAL,3377800000.00
2014,MARKETING YEAR,STATE,39,7,TOTAL,9775900000.00
2014,MARKETING YEAR,STATE,40,7,TOTAL,710800000.00
2014,MARKETING YEAR,STATE,41,7,TOTAL,727200000.00
2014,MARKETING YEAR,STATE,,7,TOTAL,4067300000.00
2014,MARKETING YEAR,STATE,42,7,TOTAL,7647000000.00
2014,MARKETING YEAR,STATE,45,7,TOTAL,1114900000.00
2014,MARKETING YEAR,STATE,46,7,TOTAL,751900000.00
2014,MARKETING YEAR,STATE,47,7,TOTAL,343100000.00
2014,MARKETING YEAR,STATE,48,7,TOTAL,5107300000.00
2014,MARKETING YEAR,STATE,49,7,TOTAL,1185700000.00
2014,MARKETING YEAR,STATE,50,7,TOTAL,42900000.00
2014,MARKETING YEAR,STATE,51,7,TOTAL,766500000.00
2014,MARKETING YEAR,STATE,53,7,TOTAL,1952000000.00
2014,MARKETING YEAR,STATE,54,7,TOTAL,274700000.00
2014,MARKETING YEAR,STATE,55,7,TOTAL,1448500000.00
2014,MAY,STATE,1,7,TOTAL,184000000.00
2014,MAY,STATE,5,7,TOTAL,258000000.00
2014,MAY,STATE,6,7,TOTAL,388300000.00
2014,MAY,STATE,8,7,TOTAL,122400000.00
2014,MAY,STATE,12,7,TOTAL,197100000.00
2014,MAY,STATE,13,7,TOTAL,410600000.00
2014,MAY,STATE,17,7,TOTAL,116800000.00
2014,MAY,STATE,18,7,TOTAL,660000000.00
2014,MAY,STATE,19,7,TOTAL,1430200000.00
2014,MAY,STATE,24,7,TOTAL,67600000.00
2014,MAY,STATE,26,7,TOTAL,323300000.00
2014,MAY,STATE,27,7,TOTAL,251300000.00
2014,MAY,STATE,28,7,TOTAL,115700000.00
2014,MAY,STATE,29,7,TOTAL,258800000.00
2014,MAY,STATE,31,7,TOTAL,245400000.00
2014,MAY,STATE,36,7,TOTAL,124600000.00
2014,MAY,STATE,37,7,TOTAL,282300000.00
2014,MAY,STATE,39,7,TOTAL,807400000.00
2014,MAY,STATE,41,7,TOTAL,63000000.00
2014,MAY,STATE,,7,TOTAL,629700000.00
2014,MAY,STATE,42,7,TOTAL,635100000.00
2014,MAY,STATE,45,7,TOTAL,97200000.00
2014,MAY,STATE,46,7,TOTAL,59900000.00
2014,MAY,STATE,48,7,TOTAL,427100000.00
2014,MAY,STATE,49,7,TOTAL,94800000.00
2014,MAY,STATE,51,7,TOTAL,65600000.00
2014,MAY,STATE,53,7,TOTAL,161900000.00
2014,MAY,STATE,55,7,TOTAL,119600000.00
2014,NOV,STATE,1,7,TOTAL,175400000.00
2014,NOV,STATE,5,7,TOTAL,260000000.00
2014,NOV,STATE,6,7,TOTAL,363400000.00
2014,NOV,STATE,8,7,TOTAL,116800000.00
2014,NOV,STATE,12,7,TOTAL,214900000.00
2014,NOV,STATE,13,7,TOTAL,415300000.00
2014,NOV,STATE,17,7,TOTAL,113600000.00
2014,NOV,STATE,18,7,TOTAL,637600000.00
2014,NOV,STATE,19,7,TOTAL,1391900000.00
2014,NOV,STATE,24,7,TOTAL,65700000.00
2014,NOV,STATE,26,7,TOTAL,317500000.00
2014,NOV,STATE,27,7,TOTAL,263600000.00
2014,NOV,STATE,28,7,TOTAL,112400000.00
2014,NOV,STATE,29,7,TOTAL,263900000.00
2014,NOV,STATE,31,7,TOTAL,239100000.00
2014,NOV,STATE,36,7,TOTAL,126800000.00
2014,NOV,STATE,37,7,TOTAL,295300000.00
2014,NOV,STATE,39,7,TOTAL,852600000.00
2014,NOV,STATE,41,7,TOTAL,58200000.00
2014,NOV,STATE,,7,TOTAL,610900000.00
2014,NOV,STATE,42,7,TOTAL,654200000.00
2014,NOV,STATE,45,7,TOTAL,92600000.00
2014,NOV,STATE,46,7,TOTAL,62400000.00
2014,NOV,STATE,48,7,TOTAL,436300000.00
2014,NOV,STATE,49,7,TOTAL,111000000.00
2014,NOV,STATE,51,7,TOTAL,65300000.00
2014,NOV,STATE,53,7,TOTAL,165700000.00
2014,NOV,STATE,55,7,TOTAL,129700000.00
2014,OCT,STATE,1,7,TOTAL,179900000.00
2014,OCT,STATE,5,7,TOTAL,262900000.00
2014,OCT,STATE,6,7,TOTAL,377000000.00
2014,OCT,STATE,8,7,TOTAL,117900000.00
2014,OCT,STATE,12,7,TOTAL,205700000.00
2014,OCT,STATE,13,7,TOTAL,417700000.00
2014,OCT,STATE,17,7,TOTAL,123600000.00
2014,OCT,STATE,18,7,TOTAL,651400000.00
2014,OCT,STATE,19,7,TOTAL,1431300000.00
2014,OCT,STATE,24,7,TOTAL,67000000.00
2014,OCT,STATE,26,7,TOTAL,327700000.00
2014,OCT,STATE,27,7,TOTAL,265800000.00
2014,OCT,STATE,28,7,TOTAL,112200000.00
2014,OCT,STATE,29,7,TOTAL,263200000.00
2014,OCT,STATE,31,7,TOTAL,246500000.00
2014,OCT,STATE,36,7,TOTAL,129100000.00
2014,OCT,STATE,37,7,TOTAL,292600000.00
2014,OCT,STATE,39,7,TOTAL,842300000.00
2014,OCT,STATE,41,7,TOTAL,61300000.00
2014,OCT,STATE,,7,TOTAL,621800000.00
2014,OCT,STATE,42,7,TOTAL,665500000.00
2014,OCT,STATE,45,7,TOTAL,96300000.00
2014,OCT,STATE,46,7,TOTAL,63000000.00
2014,OCT,STATE,48,7,TOTAL,425200000.00
2014,OCT,STATE,49,7,TOTAL,113900000.00
2014,OCT,STATE,51,7,TOTAL,68100000.00
2014,OCT,STATE,53,7,TOTAL,168800000.00
2014,OCT,STATE,55,7,TOTAL,123900000.00
2014,SEP,STATE,1,7,TOTAL,173400000.00
2014,SEP,STATE,5,7,TOTAL,255000000.00
2014,SEP,STATE,6,7,TOTAL,356500000.00
2014,SEP,STATE,8,7,TOTAL,116400000.00
2014,SEP,STATE,12,7,TOTAL,189600000.00
2014,SEP,STATE,13,7,TOTAL,395200000.00
2014,SEP,STATE,17,7,TOTAL,123000000.00
2014,SEP,STATE,18,7,TOTAL,624000000.00
2014,SEP,STATE,19,7,TOTAL,1388900000.00
2014,SEP,STATE,24,7,TOTAL,65300000.00
2014,SEP,STATE,26,7,TOTAL,326000000.00
2014,SEP,STATE,27,7,TOTAL,258600000.00
2014,SEP,STATE,28,7,TOTAL,106800000.00
2014,SEP,STATE,29,7,TOTAL,263100000.00
2014,SEP,STATE,31,7,TOTAL,237000000.00
2014,SEP,STATE,36,7,TOTAL,123400000.00
2014,SEP,STATE,37,7,TOTAL,277100000.00
2014,SEP,STATE,39,7,TOTAL,788300000.00
2014,SEP,STATE,41,7,TOTAL,60500000.00
2014,SEP,STATE,,7,TOTAL,603300000.00
2014,SEP,STATE,42,7,TOTAL,631700000.00
2014,SEP,STATE,45,7,TOTAL,88200000.00
2014,SEP,STATE,46,7,TOTAL,64800000.00
2014,SEP,STATE,48,7,TOTAL,404900000.00
2014,SEP,STATE,49,7,TOTAL,107600000.00
2014,SEP,STATE,51,7,TOTAL,64700000.00
2014,SEP,STATE,53,7,TOTAL,161800000.00
2014,SEP,STATE,55,7,TOTAL,118000000.00
2013,APR,STATE,1,7,TOTAL,186100000.00
2013,APR,STATE,5,7,TOTAL,247800000.00
2013,APR,STATE,6,7,TOTAL,421400000.00
2013,APR,STATE,8,7,TOTAL,100300000.00
2013,APR,STATE,9,7,TOTAL,56000000.00
2013,APR,STATE,12,7,TOTAL,181700000.00
2013,APR,STATE,13,7,TOTAL,374600000.00
2013,APR,STATE,17,7,TOTAL,92600000.00
2013,APR,STATE,18,7,TOTAL,601300000.00
2013,APR,STATE,19,7,TOTAL,1350200000.00
2013,APR,STATE,23,7,TOTAL,83000000.00
2013,APR,STATE,24,7,TOTAL,53700000.00
2013,APR,STATE,26,7,TOTAL,318100000.00
2013,APR,STATE,27,7,TOTAL,238500000.00
2013,APR,STATE,28,7,TOTAL,116100000.00
2013,APR,STATE,29,7,TOTAL,215700000.00
2013,APR,STATE,31,7,TOTAL,225700000.00
2013,APR,STATE,36,7,TOTAL,114300000.00
2013,APR,STATE,37,7,TOTAL,256600000.00
2013,APR,STATE,39,7,TOTAL,692200000.00
2013,APR,STATE,41,7,TOTAL,58500000.00
2013,APR,STATE,,7,TOTAL,603100000.00
2013,APR,STATE,42,7,TOTAL,627300000.00
2013,APR,STATE,45,7,TOTAL,96300000.00
2013,APR,STATE,46,7,TOTAL,64600000.00
2013,APR,STATE,48,7,TOTAL,413600000.00
2013,APR,STATE,49,7,TOTAL,80600000.00
2013,APR,STATE,51,7,TOTAL,60700000.00
2013,APR,STATE,53,7,TOTAL,168300000.00
2013,APR,STATE,55,7,TOTAL,121600000.00
2013,AUG,STATE,1,7,TOTAL,182600000.00
2013,AUG,STATE,5,7,TOTAL,255200000.00
2013,AUG,STATE,6,7,TOTAL,434400000.00
2013,AUG,STATE,8,7,TOTAL,121000000.00
2013,AUG,STATE,9,7,TOTAL,60000000.00
2013,AUG,STATE,12,7,TOTAL,181100000.00
2013,AUG,STATE,13,7,TOTAL,383200000.00
2013,AUG,STATE,17,7,TOTAL,105400000.00
2013,AUG,STATE,18,7,TOTAL,625800000.00
2013,AUG,STATE,19,7,TOTAL,1369000000.00
2013,AUG,STATE,23,7,TOTAL,80000000.00
2013,AUG,STATE,24,7,TOTAL,58000000.00
2013,AUG,STATE,26,7,TOTAL,326900000.00
2013,AUG,STATE,27,7,TOTAL,252500000.00
2013,AUG,STATE,28,7,TOTAL,120100000.00
2013,AUG,STATE,29,7,TOTAL,238900000.00
2013,AUG,STATE,31,7,TOTAL,234400000.00
2013,AUG,STATE,36,7,TOTAL,116600000.00
2013,AUG,STATE,37,7,TOTAL,274300000.00
2013,AUG,STATE,39,7,TOTAL,749100000.00
2013,AUG,STATE,41,7,TOTAL,61500000.00
2013,AUG,STATE,,7,TOTAL,617600000.00
2013,AUG,STATE,42,7,TOTAL,635500000.00
2013,AUG,STATE,45,7,TOTAL,97100000.00
2013,AUG,STATE,46,7,TOTAL,69100000.00
2013,AUG,STATE,48,7,TOTAL,426700000.00
2013,AUG,STATE,49,7,TOTAL,96200000.00
2013,AUG,STATE,51,7,TOTAL,58600000.00
2013,AUG,STATE,53,7,TOTAL,165700000.00
2013,AUG,STATE,55,7,TOTAL,127600000.00
2013,DEC,STATE,1,7,TOTAL,182400000.00
2013,DEC,STATE,5,7,TOTAL,256400000.00
2013,DEC,STATE,6,7,TOTAL,412300000.00
2013,DEC,STATE,8,7,TOTAL,126500000.00
2013,DEC,STATE,9,7,TOTAL,56000000.00
2013,DEC,STATE,12,7,TOTAL,203800000.00
2013,DEC,STATE,13,7,TOTAL,410500000.00
2013,DEC,STATE,17,7,TOTAL,114400000.00
2013,DEC,STATE,18,7,TOTAL,660500000.00
2013,DEC,STATE,19,7,TOTAL,1373600000.00
2013,DEC,STATE,23,7,TOTAL,84000000.00
2013,DEC,STATE,24,7,TOTAL,64700000.00
2013,DEC,STATE,26,7,TOTAL,323700000.00
2013,DEC,STATE,27,7,TOTAL,254900000.00
2013,DEC,STATE,28,7,TOTAL,115700000.00
2013,DEC,STATE,29,7,TOTAL,250200000.00
2013,DEC,STATE,31,7,TOTAL,233700000.00
2013,DEC,STATE,36,7,TOTAL,128300000.00
2013,DEC,STATE,37,7,TOTAL,284500000.00
2013,DEC,STATE,39,7,TOTAL,819100000.00
2013,DEC,STATE,41,7,TOTAL,63300000.00
2013,DEC,STATE,,7,TOTAL,624700000.00
2013,DEC,STATE,42,7,TOTAL,661500000.00
2013,DEC,STATE,45,7,TOTAL,99900000.00
2013,DEC,STATE,46,7,TOTAL,69100000.00
2013,DEC,STATE,48,7,TOTAL,441500000.00
2013,DEC,STATE,49,7,TOTAL,95700000.00
2013,DEC,STATE,51,7,TOTAL,63900000.00
2013,DEC,STATE,53,7,TOTAL,165600000.00
2013,DEC,STATE,55,7,TOTAL,139600000.00
2013,FEB,STATE,1,7,TOTAL,171400000.00
2013,FEB,STATE,5,7,TOTAL,225700000.00
2013,FEB,STATE,6,7,TOTAL,389400000.00
2013,FEB,STATE,8,7,TOTAL,89000000.00
2013,FEB,STATE,9,7,TOTAL,48000000.00
2013,FEB,STATE,12,7,TOTAL,169300000.00
2013,FEB,STATE,13,7,TOTAL,345800000.00
2013,FEB,STATE,17,7,TOTAL,97000000.00
2013,FEB,STATE,18,7,TOTAL,561700000.00
2013,FEB,STATE,19,7,TOTAL,1215000000.00
2013,FEB,STATE,23,7,TOTAL,78000000.00
2013,FEB,STATE,24,7,TOTAL,52600000.00
2013,FEB,STATE,26,7,TOTAL,292800000.00
2013,FEB,STATE,27,7,TOTAL,218300000.00
2013,FEB,STATE,28,7,TOTAL,106000000.00
2013,FEB,STATE,29,7,TOTAL,192300000.00
2013,FEB,STATE,31,7,TOTAL,217600000.00
2013,FEB,STATE,36,7,TOTAL,115200000.00
2013,FEB,STATE,37,7,TOTAL,237500000.00
2013,FEB,STATE,39,7,TOTAL,639300000.00
2013,FEB,STATE,41,7,TOTAL,52500000.00
2013,FEB,STATE,,7,TOTAL,559400000.00
2013,FEB,STATE,42,7,TOTAL,570500000.00
2013,FEB,STATE,45,7,TOTAL,83600000.00
2013,FEB,STATE,46,7,TOTAL,61800000.00
2013,FEB,STATE,48,7,TOTAL,391700000.00
2013,FEB,STATE,49,7,TOTAL,79600000.00
2013,FEB,STATE,51,7,TOTAL,52300000.00
2013,FEB,STATE,53,7,TOTAL,148500000.00
2013,FEB,STATE,55,7,TOTAL,114200000.00
2013,JAN,STATE,1,7,TOTAL,186000000.00
2013,JAN,STATE,5,7,TOTAL,249100000.00
2013,JAN,STATE,6,7,TOTAL,430100000.00
2013,JAN,STATE,8,7,TOTAL,97900000.00
2013,JAN,STATE,9,7,TOTAL,56000000.00
2013,JAN,STATE,12,7,TOTAL,190400000.00
2013,JAN,STATE,13,7,TOTAL,375900000.00
2013,JAN,STATE,17,7,TOTAL,102800000.00
2013,JAN,STATE,18,7,TOTAL,619000000.00
2013,JAN,STATE,19,7,TOTAL,1351300000.00
2013,JAN,STATE,23,7,TOTAL,85000000.00
2013,JAN,STATE,24,7,TOTAL,58000000.00
2013,JAN,STATE,26,7,TOTAL,324600000.00
2013,JAN,STATE,27,7,TOTAL,243500000.00
2013,JAN,STATE,28,7,TOTAL,117200000.00
2013,JAN,STATE,29,7,TOTAL,214200000.00
2013,JAN,STATE,31,7,TOTAL,236800000.00
2013,JAN,STATE,36,7,TOTAL,121100000.00
2013,JAN,STATE,37,7,TOTAL,270800000.00
2013,JAN,STATE,39,7,TOTAL,715100000.00
2013,JAN,STATE,41,7,TOTAL,59800000.00
2013,JAN,STATE,,7,TOTAL,621400000.00
2013,JAN,STATE,42,7,TOTAL,635400000.00
2013,JAN,STATE,45,7,TOTAL,93700000.00
2013,JAN,STATE,46,7,TOTAL,64900000.00
2013,JAN,STATE,48,7,TOTAL,442600000.00
2013,JAN,STATE,49,7,TOTAL,88100000.00
2013,JAN,STATE,51,7,TOTAL,59600000.00
2013,JAN,STATE,53,7,TOTAL,159300000.00
2013,JAN,STATE,55,7,TOTAL,131500000.00
2013,JUL,STATE,1,7,TOTAL,185900000.00
2013,JUL,STATE,5,7,TOTAL,258700000.00
2013,JUL,STATE,6,7,TOTAL,427900000.00
2013,JUL,STATE,8,7,TOTAL,111300000.00
2013,JUL,STATE,9,7,TOTAL,59000000.00
2013,JUL,STATE,12,7,TOTAL,181200000.00
2013,JUL,STATE,13,7,TOTAL,378100000.00
2013,JUL,STATE,17,7,TOTAL,102200000.00
2013,JUL,STATE,18,7,TOTAL,613200000.00
2013,JUL,STATE,19,7,TOTAL,1357400000.00
2013,JUL,STATE,23,7,TOTAL,82000000.00
2013,JUL,STATE,24,7,TOTAL,53500000.00
2013,JUL,STATE,26,7,TOTAL,320200000.00
2013,JUL,STATE,27,7,TOTAL,249900000.00
2013,JUL,STATE,28,7,TOTAL,118400000.00
2013,JUL,STATE,29,7,TOTAL,220800000.00
2013,JUL,STATE,31,7,TOTAL,231800000.00
2013,JUL,STATE,36,7,TOTAL,117600000.00
2013,JUL,STATE,37,7,TOTAL,268300000.00
2013,JUL,STATE,39,7,TOTAL,727800000.00
2013,JUL,STATE,41,7,TOTAL,61700000.00
2013,JUL,STATE,,7,TOTAL,618900000.00
2013,JUL,STATE,42,7,TOTAL,625800000.00
2013,JUL,STATE,45,7,TOTAL,97800000.00
2013,JUL,STATE,46,7,TOTAL,73700000.00
2013,JUL,STATE,48,7,TOTAL,425900000.00
2013,JUL,STATE,49,7,TOTAL,97900000.00
2013,JUL,STATE,51,7,TOTAL,57800000.00
2013,JUL,STATE,53,7,TOTAL,161500000.00
2013,JUL,STATE,55,7,TOTAL,126000000.00
2013,JUN,STATE,1,7,TOTAL,185800000.00
2013,JUN,STATE,5,7,TOTAL,250600000.00
2013,JUN,STATE,6,7,TOTAL,408000000.00
2013,JUN,STATE,8,7,TOTAL,101100000.00
2013,JUN,STATE,9,7,TOTAL,55000000.00
2013,JUN,STATE,12,7,TOTAL,174700000.00
2013,JUN,STATE,13,7,TOTAL,373600000.00
2013,JUN,STATE,17,7,TOTAL,91100000.00
2013,JUN,STATE,18,7,TOTAL,608900000.00
2013,JUN,STATE,19,7,TOTAL,1321500000.00
2013,JUN,STATE,23,7,TOTAL,81000000.00
2013,JUN,STATE,24,7,TOTAL,52600000.00
2013,JUN,STATE,26,7,TOTAL,305600000.00
2013,JUN,STATE,27,7,TOTAL,237600000.00
2013,JUN,STATE,28,7,TOTAL,114900000.00
2013,JUN,STATE,29,7,TOTAL,207900000.00
2013,JUN,STATE,31,7,TOTAL,226400000.00
2013,JUN,STATE,36,7,TOTAL,110900000.00
2013,JUN,STATE,37,7,TOTAL,264900000.00
2013,JUN,STATE,39,7,TOTAL,715600000.00
2013,JUN,STATE,41,7,TOTAL,60200000.00
2013,JUN,STATE,,7,TOTAL,599100000.00
2013,JUN,STATE,42,7,TOTAL,606800000.00
2013,JUN,STATE,45,7,TOTAL,95200000.00
2013,JUN,STATE,46,7,TOTAL,71400000.00
2013,JUN,STATE,48,7,TOTAL,415800000.00
2013,JUN,STATE,49,7,TOTAL,94500000.00
2013,JUN,STATE,51,7,TOTAL,57400000.00
2013,JUN,STATE,53,7,TOTAL,156200000.00
2013,JUN,STATE,55,7,TOTAL,120500000.00
2013,MAR,STATE,1,7,TOTAL,196300000.00
2013,MAR,STATE,5,7,TOTAL,254200000.00
2013,MAR,STATE,6,7,TOTAL,438000000.00
2013,MAR,STATE,8,7,TOTAL,100100000.00
2013,MAR,STATE,9,7,TOTAL,56000000.00
2013,MAR,STATE,12,7,TOTAL,189400000.00
2013,MAR,STATE,13,7,TOTAL,388900000.00
2013,MAR,STATE,17,7,TOTAL,100300000.00
2013,MAR,STATE,18,7,TOTAL,619900000.00
2013,MAR,STATE,19,7,TOTAL,1385300000.00
2013,MAR,STATE,23,7,TOTAL,87000000.00
2013,MAR,STATE,24,7,TOTAL,56100000.00
2013,MAR,STATE,26,7,TOTAL,333000000.00
2013,MAR,STATE,27,7,TOTAL,242700000.00
2013,MAR,STATE,28,7,TOTAL,117600000.00
2013,MAR,STATE,29,7,TOTAL,215500000.00
2013,MAR,STATE,31,7,TOTAL,237300000.00
2013,MAR,STATE,36,7,TOTAL,126500000.00
2013,MAR,STATE,37,7,TOTAL,262800000.00
2013,MAR,STATE,39,7,TOTAL,712000000.00
2013,MAR,STATE,41,7,TOTAL,57000000.00
2013,MAR,STATE,,7,TOTAL,621500000.00
2013,MAR,STATE,42,7,TOTAL,645000000.00
2013,MAR,STATE,45,7,TOTAL,95800000.00
2013,MAR,STATE,46,7,TOTAL,67800000.00
2013,MAR,STATE,48,7,TOTAL,427000000.00
2013,MAR,STATE,49,7,TOTAL,87400000.00
2013,MAR,STATE,51,7,TOTAL,58500000.00
2013,MAR,STATE,53,7,TOTAL,174300000.00
2013,MAR,STATE,55,7,TOTAL,130300000.00
2013,MARKETING YEAR,STATE,1,7,TOTAL,2205900000.00
2013,MARKETING YEAR,STATE,5,7,TOTAL,2999500000.00
2013,MARKETING YEAR,STATE,6,7,TOTAL,5047800000.00
2013,MARKETING YEAR,STATE,8,7,TOTAL,1288900000.00
2013,MARKETING YEAR,STATE,9,7,TOTAL,668000000.00
2013,MARKETING YEAR,STATE,12,7,TOTAL,2195100000.00
2013,MARKETING YEAR,STATE,13,7,TOTAL,4556500000.00
2013,MARKETING YEAR,STATE,17,7,TOTAL,1213900000.00
2013,MARKETING YEAR,STATE,18,7,TOTAL,7381900000.00
2013,MARKETING YEAR,STATE,19,7,TOTAL,16155100000.00
2013,MARKETING YEAR,STATE,21,7,TOTAL,1143400000.00
2013,MARKETING YEAR,STATE,22,7,TOTAL,530400000.00
2013,MARKETING YEAR,STATE,23,7,TOTAL,989000000.00
2013,MARKETING YEAR,STATE,24,7,TOTAL,686200000.00
2013,MARKETING YEAR,STATE,25,7,TOTAL,48900000.00
2013,MARKETING YEAR,STATE,26,7,TOTAL,3815800000.00
2013,MARKETING YEAR,STATE,27,7,TOTAL,2903700000.00
2013,MARKETING YEAR,STATE,28,7,TOTAL,1391700000.00
2013,MARKETING YEAR,STATE,29,7,TOTAL,2654100000.00
2013,MARKETING YEAR,STATE,30,7,TOTAL,142200000.00
2013,MARKETING YEAR,STATE,31,7,TOTAL,2775700000.00
2013,MARKETING YEAR,STATE,36,7,TOTAL,1415300000.00
2013,MARKETING YEAR,STATE,37,7,TOTAL,3182300000.00
2013,MARKETING YEAR,STATE,39,7,TOTAL,8743300000.00
2013,MARKETING YEAR,STATE,40,7,TOTAL,741000000.00
2013,MARKETING YEAR,STATE,41,7,TOTAL,716700000.00
2013,MARKETING YEAR,STATE,,7,TOTAL,4069500000.00
2013,MARKETING YEAR,STATE,42,7,TOTAL,7515200000.00
2013,MARKETING YEAR,STATE,45,7,TOTAL,1137200000.00
2013,MARKETING YEAR,STATE,46,7,TOTAL,813400000.00
2013,MARKETING YEAR,STATE,47,7,TOTAL,329800000.00
2013,MARKETING YEAR,STATE,48,7,TOTAL,5094900000.00
2013,MARKETING YEAR,STATE,49,7,TOTAL,1082600000.00
2013,MARKETING YEAR,STATE,50,7,TOTAL,47300000.00
2013,MARKETING YEAR,STATE,51,7,TOTAL,718900000.00
2013,MARKETING YEAR,STATE,53,7,TOTAL,1964600000.00
2013,MARKETING YEAR,STATE,54,7,TOTAL,243100000.00
2013,MARKETING YEAR,STATE,55,7,TOTAL,1529400000.00
2013,MAY,STATE,1,7,TOTAL,190900000.00
2013,MAY,STATE,5,7,TOTAL,259900000.00
2013,MAY,STATE,6,7,TOTAL,424800000.00
2013,MAY,STATE,8,7,TOTAL,105300000.00
2013,MAY,STATE,9,7,TOTAL,58000000.00
2013,MAY,STATE,12,7,TOTAL,180000000.00
2013,MAY,STATE,13,7,TOTAL,385100000.00
2013,MAY,STATE,17,7,TOTAL,93700000.00
2013,MAY,STATE,18,7,TOTAL,629800000.00
2013,MAY,STATE,19,7,TOTAL,1381200000.00
2013,MAY,STATE,23,7,TOTAL,85000000.00
2013,MAY,STATE,24,7,TOTAL,55000000.00
2013,MAY,STATE,26,7,TOTAL,316000000.00
2013,MAY,STATE,27,7,TOTAL,246200000.00
2013,MAY,STATE,28,7,TOTAL,120900000.00
2013,MAY,STATE,29,7,TOTAL,219100000.00
2013,MAY,STATE,31,7,TOTAL,232300000.00
2013,MAY,STATE,36,7,TOTAL,112600000.00
2013,MAY,STATE,37,7,TOTAL,267000000.00
2013,MAY,STATE,39,7,TOTAL,734100000.00
2013,MAY,STATE,41,7,TOTAL,62900000.00
2013,MAY,STATE,,7,TOTAL,620900000.00
2013,MAY,STATE,42,7,TOTAL,637300000.00
2013,MAY,STATE,45,7,TOTAL,98900000.00
2013,MAY,STATE,46,7,TOTAL,69000000.00
2013,MAY,STATE,48,7,TOTAL,428600000.00
2013,MAY,STATE,49,7,TOTAL,88900000.00
2013,MAY,STATE,51,7,TOTAL,61700000.00
2013,MAY,STATE,53,7,TOTAL,167400000.00
2013,MAY,STATE,55,7,TOTAL,119500000.00
2013,NOV,STATE,1,7,TOTAL,177900000.00
2013,NOV,STATE,5,7,TOTAL,247100000.00
2013,NOV,STATE,6,7,TOTAL,402200000.00
2013,NOV,STATE,8,7,TOTAL,122800000.00
2013,NOV,STATE,9,7,TOTAL,53000000.00
2013,NOV,STATE,12,7,TOTAL,190300000.00
2013,NOV,STATE,13,7,TOTAL,397100000.00
2013,NOV,STATE,17,7,TOTAL,111800000.00
2013,NOV,STATE,18,7,TOTAL,637600000.00
2013,NOV,STATE,19,7,TOTAL,1332600000.00
2013,NOV,STATE,23,7,TOTAL,82000000.00
2013,NOV,STATE,24,7,TOTAL,63400000.00
2013,NOV,STATE,26,7,TOTAL,313900000.00
2013,NOV,STATE,27,7,TOTAL,242900000.00
2013,NOV,STATE,28,7,TOTAL,110900000.00
2013,NOV,STATE,29,7,TOTAL,239500000.00
2013,NOV,STATE,31,7,TOTAL,230700000.00
2013,NOV,STATE,36,7,TOTAL,125000000.00
2013,NOV,STATE,37,7,TOTAL,269000000.00
2013,NOV,STATE,39,7,TOTAL,782500000.00
2013,NOV,STATE,41,7,TOTAL,59800000.00
2013,NOV,STATE,,7,TOTAL,600300000.00
2013,NOV,STATE,42,7,TOTAL,631900000.00
2013,NOV,STATE,45,7,TOTAL,92400000.00
2013,NOV,STATE,46,7,TOTAL,69000000.00
2013,NOV,STATE,48,7,TOTAL,427700000.00
2013,NOV,STATE,49,7,TOTAL,94700000.00
2013,NOV,STATE,51,7,TOTAL,62500000.00
2013,NOV,STATE,53,7,TOTAL,166800000.00
2013,NOV,STATE,55,7,TOTAL,137000000.00
2013,OCT,STATE,1,7,TOTAL,181800000.00
2013,OCT,STATE,5,7,TOTAL,254100000.00
2013,OCT,STATE,6,7,TOTAL,417700000.00
2013,OCT,STATE,8,7,TOTAL,123500000.00
2013,OCT,STATE,9,7,TOTAL,55000000.00
2013,OCT,STATE,12,7,TOTAL,183000000.00
2013,OCT,STATE,13,7,TOTAL,399700000.00
2013,OCT,STATE,17,7,TOTAL,110100000.00
2013,OCT,STATE,18,7,TOTAL,639400000.00
2013,OCT,STATE,19,7,TOTAL,1372300000.00
2013,OCT,STATE,23,7,TOTAL,83000000.00
2013,OCT,STATE,24,7,TOTAL,65600000.00
2013,OCT,STATE,26,7,TOTAL,322900000.00
2013,OCT,STATE,27,7,TOTAL,248000000.00
2013,OCT,STATE,28,7,TOTAL,116600000.00
2013,OCT,STATE,29,7,TOTAL,241300000.00
2013,OCT,STATE,31,7,TOTAL,239300000.00
2013,OCT,STATE,36,7,TOTAL,123700000.00
2013,OCT,STATE,37,7,TOTAL,268900000.00
2013,OCT,STATE,39,7,TOTAL,799400000.00
2013,OCT,STATE,41,7,TOTAL,61700000.00
2013,OCT,STATE,,7,TOTAL,618200000.00
2013,OCT,STATE,42,7,TOTAL,641600000.00
2013,OCT,STATE,45,7,TOTAL,96100000.00
2013,OCT,STATE,46,7,TOTAL,73200000.00
2013,OCT,STATE,48,7,TOTAL,435000000.00
2013,OCT,STATE,49,7,TOTAL,92900000.00
2013,OCT,STATE,51,7,TOTAL,66500000.00
2013,OCT,STATE,53,7,TOTAL,169900000.00
2013,OCT,STATE,55,7,TOTAL,137600000.00
2013,SEP,STATE,1,7,TOTAL,176600000.00
2013,SEP,STATE,5,7,TOTAL,242100000.00
2013,SEP,STATE,6,7,TOTAL,410700000.00
2013,SEP,STATE,8,7,TOTAL,118400000.00
2013,SEP,STATE,9,7,TOTAL,56000000.00
2013,SEP,STATE,12,7,TOTAL,173200000.00
2013,SEP,STATE,13,7,TOTAL,380400000.00
2013,SEP,STATE,17,7,TOTAL,102400000.00
2013,SEP,STATE,18,7,TOTAL,611900000.00
2013,SEP,STATE,19,7,TOTAL,1333100000.00
2013,SEP,STATE,23,7,TOTAL,79000000.00
2013,SEP,STATE,24,7,TOTAL,61400000.00
2013,SEP,STATE,26,7,TOTAL,316700000.00
2013,SEP,STATE,27,7,TOTAL,242500000.00
2013,SEP,STATE,28,7,TOTAL,115700000.00
2013,SEP,STATE,29,7,TOTAL,239000000.00
2013,SEP,STATE,31,7,TOTAL,229500000.00
2013,SEP,STATE,36,7,TOTAL,112600000.00
2013,SEP,STATE,37,7,TOTAL,269300000.00
2013,SEP,STATE,39,7,TOTAL,756800000.00
2013,SEP,STATE,41,7,TOTAL,59600000.00
2013,SEP,STATE,,7,TOTAL,598300000.00
2013,SEP,STATE,42,7,TOTAL,619700000.00
2013,SEP,STATE,45,7,TOTAL,94300000.00
2013,SEP,STATE,46,7,TOTAL,68200000.00
2013,SEP,STATE,48,7,TOTAL,414300000.00
2013,SEP,STATE,49,7,TOTAL,90000000.00
2013,SEP,STATE,51,7,TOTAL,62100000.00
2013,SEP,STATE,53,7,TOTAL,161600000.00
2013,SEP,STATE,55,7,TOTAL,128300000.00
2012,APR,STATE,1,7,TOTAL,177000000.00
2012,APR,STATE,5,7,TOTAL,243000000.00
2012,APR,STATE,6,7,TOTAL,443000000.00
2012,APR,STATE,8,7,TOTAL,112000000.00
2012,APR,STATE,9,7,TOTAL,54000000.00
2012,APR,STATE,12,7,TOTAL,207000000.00
2012,APR,STATE,13,7,TOTAL,352000000.00
2012,APR,STATE,17,7,TOTAL,100000000.00
2012,APR,STATE,18,7,TOTAL,562000000.00
2012,APR,STATE,19,7,TOTAL,1269000000.00
2012,APR,STATE,23,7,TOTAL,84000000.00
2012,APR,STATE,24,7,TOTAL,55000000.00
2012,APR,STATE,26,7,TOTAL,299000000.00
2012,APR,STATE,27,7,TOTAL,224000000.00
2012,APR,STATE,28,7,TOTAL,112000000.00
2012,APR,STATE,29,7,TOTAL,161000000.00
2012,APR,STATE,31,7,TOTAL,226000000.00
2012,APR,STATE,36,7,TOTAL,106000000.00
2012,APR,STATE,37,7,TOTAL,258000000.00
2012,APR,STATE,39,7,TOTAL,630000000.00
2012,APR,STATE,41,7,TOTAL,58000000.00
2012,APR,STATE,,7,TOTAL,444000000.00
2012,APR,STATE,42,7,TOTAL,573000000.00
2012,APR,STATE,45,7,TOTAL,94000000.00
2012,APR,STATE,46,7,TOTAL,53000000.00
2012,APR,STATE,48,7,TOTAL,431000000.00
2012,APR,STATE,49,7,TOTAL,79000000.00
2012,APR,STATE,51,7,TOTAL,59000000.00
2012,APR,STATE,53,7,TOTAL,156000000.00
2012,APR,STATE,55,7,TOTAL,109000000.00
2012,AUG,STATE,1,7,TOTAL,186000000.00
2012,AUG,STATE,5,7,TOTAL,260000000.00
2012,AUG,STATE,6,7,TOTAL,456000000.00
2012,AUG,STATE,8,7,TOTAL,106000000.00
2012,AUG,STATE,9,7,TOTAL,58000000.00
2012,AUG,STATE,12,7,TOTAL,201000000.00
2012,AUG,STATE,13,7,TOTAL,359000000.00
2012,AUG,STATE,17,7,TOTAL,100000000.00
2012,AUG,STATE,18,7,TOTAL,579000000.00
2012,AUG,STATE,19,7,TOTAL,1332000000.00
2012,AUG,STATE,23,7,TOTAL,81000000.00
2012,AUG,STATE,24,7,TOTAL,57000000.00
2012,AUG,STATE,26,7,TOTAL,305000000.00
2012,AUG,STATE,27,7,TOTAL,244000000.00
2012,AUG,STATE,28,7,TOTAL,118000000.00
2012,AUG,STATE,29,7,TOTAL,166000000.00
2012,AUG,STATE,31,7,TOTAL,226000000.00
2012,AUG,STATE,36,7,TOTAL,111000000.00
2012,AUG,STATE,37,7,TOTAL,258000000.00
2012,AUG,STATE,39,7,TOTAL,635000000.00
2012,AUG,STATE,41,7,TOTAL,61000000.00
2012,AUG,STATE,,7,TOTAL,450000000.00
2012,AUG,STATE,42,7,TOTAL,597000000.00
2012,AUG,STATE,45,7,TOTAL,98000000.00
2012,AUG,STATE,46,7,TOTAL,57000000.00
2012,AUG,STATE,48,7,TOTAL,439000000.00
2012,AUG,STATE,49,7,TOTAL,88000000.00
2012,AUG,STATE,51,7,TOTAL,57000000.00
2012,AUG,STATE,53,7,TOTAL,157000000.00
2012,AUG,STATE,55,7,TOTAL,119000000.00
2012,DEC,STATE,1,7,TOTAL,184600000.00
2012,DEC,STATE,5,7,TOTAL,255000000.00
2012,DEC,STATE,6,7,TOTAL,443200000.00
2012,DEC,STATE,8,7,TOTAL,98200000.00
2012,DEC,STATE,9,7,TOTAL,56000000.00
2012,DEC,STATE,12,7,TOTAL,200800000.00
2012,DEC,STATE,13,7,TOTAL,374100000.00
2012,DEC,STATE,17,7,TOTAL,104500000.00
2012,DEC,STATE,18,7,TOTAL,613400000.00
2012,DEC,STATE,19,7,TOTAL,1386200000.00
2012,DEC,STATE,23,7,TOTAL,84000000.00
2012,DEC,STATE,24,7,TOTAL,56300000.00
2012,DEC,STATE,26,7,TOTAL,325100000.00
2012,DEC,STATE,27,7,TOTAL,241100000.00
2012,DEC,STATE,28,7,TOTAL,117300000.00
2012,DEC,STATE,29,7,TOTAL,209900000.00
2012,DEC,STATE,31,7,TOTAL,233900000.00
2012,DEC,STATE,36,7,TOTAL,119200000.00
2012,DEC,STATE,37,7,TOTAL,272900000.00
2012,DEC,STATE,39,7,TOTAL,719400000.00
2012,DEC,STATE,41,7,TOTAL,61500000.00
2012,DEC,STATE,,7,TOTAL,616900000.00
2012,DEC,STATE,42,7,TOTAL,638400000.00
2012,DEC,STATE,45,7,TOTAL,96000000.00
2012,DEC,STATE,46,7,TOTAL,60700000.00
2012,DEC,STATE,48,7,TOTAL,446000000.00
2012,DEC,STATE,49,7,TOTAL,91800000.00
2012,DEC,STATE,51,7,TOTAL,61200000.00
2012,DEC,STATE,53,7,TOTAL,165100000.00
2012,DEC,STATE,55,7,TOTAL,135300000.00
2012,FEB,STATE,1,7,TOTAL,166000000.00
2012,FEB,STATE,5,7,TOTAL,231000000.00
2012,FEB,STATE,6,7,TOTAL,429000000.00
2012,FEB,STATE,8,7,TOTAL,108000000.00
2012,FEB,STATE,9,7,TOTAL,49000000.00
2012,FEB,STATE,12,7,TOTAL,205000000.00
2012,FEB,STATE,13,7,TOTAL,334000000.00
2012,FEB,STATE,17,7,TOTAL,98000000.00
2012,FEB,STATE,18,7,TOTAL,517000000.00
2012,FEB,STATE,19,7,TOTAL,1175000000.00
2012,FEB,STATE,23,7,TOTAL,82000000.00
2012,FEB,STATE,24,7,TOTAL,50000000.00
2012,FEB,STATE,26,7,TOTAL,278000000.00
2012,FEB,STATE,27,7,TOTAL,214000000.00
2012,FEB,STATE,28,7,TOTAL,105000000.00
2012,FEB,STATE,29,7,TOTAL,145000000.00
2012,FEB,STATE,31,7,TOTAL,214000000.00
2012,FEB,STATE,36,7,TOTAL,104000000.00
2012,FEB,STATE,37,7,TOTAL,240000000.00
2012,FEB,STATE,39,7,TOTAL,601000000.00
2012,FEB,STATE,41,7,TOTAL,56000000.00
2012,FEB,STATE,,7,TOTAL,424000000.00
2012,FEB,STATE,42,7,TOTAL,585000000.00
2012,FEB,STATE,45,7,TOTAL,91000000.00
2012,FEB,STATE,46,7,TOTAL,52000000.00
2012,FEB,STATE,48,7,TOTAL,405000000.00
2012,FEB,STATE,49,7,TOTAL,77000000.00
2012,FEB,STATE,51,7,TOTAL,54000000.00
2012,FEB,STATE,53,7,TOTAL,154000000.00
2012,FEB,STATE,55,7,TOTAL,109000000.00
2012,JAN,STATE,1,7,TOTAL,177000000.00
2012,JAN,STATE,5,7,TOTAL,246000000.00
2012,JAN,STATE,6,7,TOTAL,452000000.00
2012,JAN,STATE,8,7,TOTAL,116000000.00
2012,JAN,STATE,9,7,TOTAL,53000000.00
2012,JAN,STATE,12,7,TOTAL,236000000.00
2012,JAN,STATE,13,7,TOTAL,362000000.00
2012,JAN,STATE,17,7,TOTAL,110000000.00
2012,JAN,STATE,18,7,TOTAL,558000000.00
2012,JAN,STATE,19,7,TOTAL,1271000000.00
2012,JAN,STATE,23,7,TOTAL,85000000.00
2012,JAN,STATE,24,7,TOTAL,50000000.00
2012,JAN,STATE,26,7,TOTAL,298000000.00
2012,JAN,STATE,27,7,TOTAL,241000000.00
2012,JAN,STATE,28,7,TOTAL,116000000.00
2012,JAN,STATE,29,7,TOTAL,164000000.00
2012,JAN,STATE,31,7,TOTAL,233000000.00
2012,JAN,STATE,36,7,TOTAL,112000000.00
2012,JAN,STATE,37,7,TOTAL,266000000.00
2012,JAN,STATE,39,7,TOTAL,657000000.00
2012,JAN,STATE,41,7,TOTAL,60000000.00
2012,JAN,STATE,,7,TOTAL,457000000.00
2012,JAN,STATE,42,7,TOTAL,626000000.00
2012,JAN,STATE,45,7,TOTAL,98000000.00
2012,JAN,STATE,46,7,TOTAL,57000000.00
2012,JAN,STATE,48,7,TOTAL,435000000.00
2012,JAN,STATE,49,7,TOTAL,84000000.00
2012,JAN,STATE,51,7,TOTAL,61000000.00
2012,JAN,STATE,53,7,TOTAL,164000000.00
2012,JAN,STATE,55,7,TOTAL,116000000.00
2012,JUL,STATE,1,7,TOTAL,183000000.00
2012,JUL,STATE,5,7,TOTAL,261000000.00
2012,JUL,STATE,6,7,TOTAL,454000000.00
2012,JUL,STATE,8,7,TOTAL,106000000.00
2012,JUL,STATE,9,7,TOTAL,57000000.00
2012,JUL,STATE,12,7,TOTAL,192000000.00
2012,JUL,STATE,13,7,TOTAL,357000000.00
2012,JUL,STATE,17,7,TOTAL,101000000.00
2012,JUL,STATE,18,7,TOTAL,579000000.00
2012,JUL,STATE,19,7,TOTAL,1306000000.00
2012,JUL,STATE,23,7,TOTAL,83000000.00
2012,JUL,STATE,24,7,TOTAL,53000000.00
2012,JUL,STATE,26,7,TOTAL,311000000.00
2012,JUL,STATE,27,7,TOTAL,239000000.00
2012,JUL,STATE,28,7,TOTAL,120000000.00
2012,JUL,STATE,29,7,TOTAL,164000000.00
2012,JUL,STATE,31,7,TOTAL,228000000.00
2012,JUL,STATE,36,7,TOTAL,109000000.00
2012,JUL,STATE,37,7,TOTAL,252000000.00
2012,JUL,STATE,39,7,TOTAL,630000000.00
2012,JUL,STATE,41,7,TOTAL,57000000.00
2012,JUL,STATE,,7,TOTAL,449000000.00
2012,JUL,STATE,42,7,TOTAL,592000000.00
2012,JUL,STATE,45,7,TOTAL,95000000.00
2012,JUL,STATE,46,7,TOTAL,52000000.00
2012,JUL,STATE,48,7,TOTAL,431000000.00
2012,JUL,STATE,49,7,TOTAL,86000000.00
2012,JUL,STATE,51,7,TOTAL,58000000.00
2012,JUL,STATE,53,7,TOTAL,159000000.00
2012,JUL,STATE,55,7,TOTAL,118000000.00
2012,JUN,STATE,1,7,TOTAL,175000000.00
2012,JUN,STATE,5,7,TOTAL,252000000.00
2012,JUN,STATE,6,7,TOTAL,440000000.00
2012,JUN,STATE,8,7,TOTAL,102000000.00
2012,JUN,STATE,9,7,TOTAL,54000000.00
2012,JUN,STATE,12,7,TOTAL,187000000.00
2012,JUN,STATE,13,7,TOTAL,355000000.00
2012,JUN,STATE,17,7,TOTAL,101000000.00
2012,JUN,STATE,18,7,TOTAL,573000000.00
2012,JUN,STATE,19,7,TOTAL,1269000000.00
2012,JUN,STATE,23,7,TOTAL,81000000.00
2012,JUN,STATE,24,7,TOTAL,51000000.00
2012,JUN,STATE,26,7,TOTAL,301000000.00
2012,JUN,STATE,27,7,TOTAL,232000000.00
2012,JUN,STATE,28,7,TOTAL,117000000.00
2012,JUN,STATE,29,7,TOTAL,164000000.00
2012,JUN,STATE,31,7,TOTAL,223000000.00
2012,JUN,STATE,36,7,TOTAL,106000000.00
2012,JUN,STATE,37,7,TOTAL,253000000.00
2012,JUN,STATE,39,7,TOTAL,616000000.00
2012,JUN,STATE,41,7,TOTAL,51000000.00
2012,JUN,STATE,,7,TOTAL,438000000.00
2012,JUN,STATE,42,7,TOTAL,564000000.00
2012,JUN,STATE,45,7,TOTAL,88000000.00
2012,JUN,STATE,46,7,TOTAL,51000000.00
2012,JUN,STATE,48,7,TOTAL,416000000.00
2012,JUN,STATE,49,7,TOTAL,82000000.00
2012,JUN,STATE,51,7,TOTAL,55000000.00
2012,JUN,STATE,53,7,TOTAL,151000000.00
2012,JUN,STATE,55,7,TOTAL,109000000.00
2012,MAR,STATE,1,7,TOTAL,180000000.00
2012,MAR,STATE,5,7,TOTAL,248000000.00
2012,MAR,STATE,6,7,TOTAL,469000000.00
2012,MAR,STATE,8,7,TOTAL,117000000.00
2012,MAR,STATE,9,7,TOTAL,54000000.00
2012,MAR,STATE,12,7,TOTAL,220000000.00
2012,MAR,STATE,13,7,TOTAL,361000000.00
2012,MAR,STATE,17,7,TOTAL,105000000.00
2012,MAR,STATE,18,7,TOTAL,568000000.00
2012,MAR,STATE,19,7,TOTAL,1301000000.00
2012,MAR,STATE,23,7,TOTAL,87000000.00
2012,MAR,STATE,24,7,TOTAL,60000000.00
2012,MAR,STATE,26,7,TOTAL,300000000.00
2012,MAR,STATE,27,7,TOTAL,233000000.00
2012,MAR,STATE,28,7,TOTAL,114000000.00
2012,MAR,STATE,29,7,TOTAL,162000000.00
2012,MAR,STATE,31,7,TOTAL,233000000.00
2012,MAR,STATE,36,7,TOTAL,112000000.00
2012,MAR,STATE,37,7,TOTAL,266000000.00
2012,MAR,STATE,39,7,TOTAL,654000000.00
2012,MAR,STATE,41,7,TOTAL,57000000.00
2012,MAR,STATE,,7,TOTAL,455000000.00
2012,MAR,STATE,42,7,TOTAL,608000000.00
2012,MAR,STATE,45,7,TOTAL,98000000.00
2012,MAR,STATE,46,7,TOTAL,54000000.00
2012,MAR,STATE,48,7,TOTAL,444000000.00
2012,MAR,STATE,49,7,TOTAL,87000000.00
2012,MAR,STATE,51,7,TOTAL,60000000.00
2012,MAR,STATE,53,7,TOTAL,171000000.00
2012,MAR,STATE,55,7,TOTAL,118000000.00
2012,MARKETING YEAR,STATE,1,7,TOTAL,2140000000.00
2012,MARKETING YEAR,STATE,5,7,TOTAL,3011000000.00
2012,MARKETING YEAR,STATE,6,7,TOTAL,5387000000.00
2012,MARKETING YEAR,STATE,8,7,TOTAL,1297000000.00
2012,MARKETING YEAR,STATE,9,7,TOTAL,651000000.00
2012,MARKETING YEAR,STATE,12,7,TOTAL,2515000000.00
2012,MARKETING YEAR,STATE,13,7,TOTAL,4304000000.00
2012,MARKETING YEAR,STATE,17,7,TOTAL,1230000000.00
2012,MARKETING YEAR,STATE,18,7,TOTAL,6805000000.00
2012,MARKETING YEAR,STATE,19,7,TOTAL,15572000000.00
2012,MARKETING YEAR,STATE,21,7,TOTAL,1038000000.00
2012,MARKETING YEAR,STATE,22,7,TOTAL,533000000.00
2012,MARKETING YEAR,STATE,23,7,TOTAL,998000000.00
2012,MARKETING YEAR,STATE,24,7,TOTAL,648000000.00
2012,MARKETING YEAR,STATE,25,7,TOTAL,37000000.00
2012,MARKETING YEAR,STATE,26,7,TOTAL,3609000000.00
2012,MARKETING YEAR,STATE,27,7,TOTAL,2817000000.00
2012,MARKETING YEAR,STATE,28,7,TOTAL,1380000000.00
2012,MARKETING YEAR,STATE,29,7,TOTAL,1999000000.00
2012,MARKETING YEAR,STATE,30,7,TOTAL,120000000.00
2012,MARKETING YEAR,STATE,31,7,TOTAL,2724000000.00
2012,MARKETING YEAR,STATE,36,7,TOTAL,1314000000.00
2012,MARKETING YEAR,STATE,37,7,TOTAL,3087000000.00
2012,MARKETING YEAR,STATE,39,7,TOTAL,7688000000.00
2012,MARKETING YEAR,STATE,40,7,TOTAL,748000000.00
2012,MARKETING YEAR,STATE,41,7,TOTAL,695000000.00
2012,MARKETING YEAR,STATE,,7,TOTAL,2304000000.00
2012,MARKETING YEAR,STATE,42,7,TOTAL,7135000000.00
2012,MARKETING YEAR,STATE,45,7,TOTAL,1130000000.00
2012,MARKETING YEAR,STATE,46,7,TOTAL,667000000.00
2012,MARKETING YEAR,STATE,47,7,TOTAL,312000000.00
2012,MARKETING YEAR,STATE,48,7,TOTAL,5195000000.00
2012,MARKETING YEAR,STATE,49,7,TOTAL,1005000000.00
2012,MARKETING YEAR,STATE,50,7,TOTAL,60000000.00
2012,MARKETING YEAR,STATE,51,7,TOTAL,697000000.00
2012,MARKETING YEAR,STATE,53,7,TOTAL,1905000000.00
2012,MARKETING YEAR,STATE,54,7,TOTAL,224000000.00
2012,MARKETING YEAR,STATE,55,7,TOTAL,1372000000.00
2012,MARKETING YEAR,STATE,56,7,TOTAL,2600000.00
2012,MAY,STATE,1,7,TOTAL,181000000.00
2012,MAY,STATE,5,7,TOTAL,257000000.00
2012,MAY,STATE,6,7,TOTAL,450000000.00
2012,MAY,STATE,8,7,TOTAL,112000000.00
2012,MAY,STATE,9,7,TOTAL,56000000.00
2012,MAY,STATE,12,7,TOTAL,200000000.00
2012,MAY,STATE,13,7,TOTAL,371000000.00
2012,MAY,STATE,17,7,TOTAL,104000000.00
2012,MAY,STATE,18,7,TOTAL,582000000.00
2012,MAY,STATE,19,7,TOTAL,1317000000.00
2012,MAY,STATE,23,7,TOTAL,86000000.00
2012,MAY,STATE,24,7,TOTAL,53000000.00
2012,MAY,STATE,26,7,TOTAL,314000000.00
2012,MAY,STATE,27,7,TOTAL,236000000.00
2012,MAY,STATE,28,7,TOTAL,119000000.00
2012,MAY,STATE,29,7,TOTAL,167000000.00
2012,MAY,STATE,31,7,TOTAL,231000000.00
2012,MAY,STATE,36,7,TOTAL,110000000.00
2012,MAY,STATE,37,7,TOTAL,264000000.00
2012,MAY,STATE,39,7,TOTAL,645000000.00
2012,MAY,STATE,41,7,TOTAL,56000000.00
2012,MAY,STATE,,7,TOTAL,458000000.00
2012,MAY,STATE,42,7,TOTAL,583000000.00
2012,MAY,STATE,45,7,TOTAL,94000000.00
2012,MAY,STATE,46,7,TOTAL,56000000.00
2012,MAY,STATE,48,7,TOTAL,436000000.00
2012,MAY,STATE,49,7,TOTAL,81000000.00
2012,MAY,STATE,51,7,TOTAL,57000000.00
2012,MAY,STATE,53,7,TOTAL,149000000.00
2012,MAY,STATE,55,7,TOTAL,107000000.00
2012,NOV,STATE,1,7,TOTAL,177000000.00
2012,NOV,STATE,5,7,TOTAL,252000000.00
2012,NOV,STATE,6,7,TOTAL,441000000.00
2012,NOV,STATE,8,7,TOTAL,99000000.00
2012,NOV,STATE,9,7,TOTAL,53000000.00
2012,NOV,STATE,12,7,TOTAL,205000000.00
2012,NOV,STATE,13,7,TOTAL,365000000.00
2012,NOV,STATE,17,7,TOTAL,102000000.00
2012,NOV,STATE,18,7,TOTAL,583000000.00
2012,NOV,STATE,19,7,TOTAL,1349000000.00
2012,NOV,STATE,23,7,TOTAL,82000000.00
2012,NOV,STATE,24,7,TOTAL,56000000.00
2012,NOV,STATE,26,7,TOTAL,309000000.00
2012,NOV,STATE,27,7,TOTAL,232000000.00
2012,NOV,STATE,28,7,TOTAL,113000000.00
2012,NOV,STATE,29,7,TOTAL,193000000.00
2012,NOV,STATE,31,7,TOTAL,224000000.00
2012,NOV,STATE,36,7,TOTAL,114000000.00
2012,NOV,STATE,37,7,TOTAL,257000000.00
2012,NOV,STATE,39,7,TOTAL,680000000.00
2012,NOV,STATE,41,7,TOTAL,61000000.00
2012,NOV,STATE,,7,TOTAL,451000000.00
2012,NOV,STATE,42,7,TOTAL,611000000.00
2012,NOV,STATE,45,7,TOTAL,93000000.00
2012,NOV,STATE,46,7,TOTAL,58000000.00
2012,NOV,STATE,48,7,TOTAL,430000000.00
2012,NOV,STATE,49,7,TOTAL,87000000.00
2012,NOV,STATE,51,7,TOTAL,61000000.00
2012,NOV,STATE,53,7,TOTAL,161000000.00
2012,NOV,STATE,55,7,TOTAL,122000000.00
2012,OCT,STATE,1,7,TOTAL,181000000.00
2012,OCT,STATE,5,7,TOTAL,261000000.00
2012,OCT,STATE,6,7,TOTAL,451000000.00
2012,OCT,STATE,8,7,TOTAL,102000000.00
2012,OCT,STATE,9,7,TOTAL,54000000.00
2012,OCT,STATE,12,7,TOTAL,211000000.00
2012,OCT,STATE,13,7,TOTAL,370000000.00
2012,OCT,STATE,17,7,TOTAL,101000000.00
2012,OCT,STATE,18,7,TOTAL,588000000.00
2012,OCT,STATE,19,7,TOTAL,1374000000.00
2012,OCT,STATE,23,7,TOTAL,84000000.00
2012,OCT,STATE,24,7,TOTAL,57000000.00
2012,OCT,STATE,26,7,TOTAL,307000000.00
2012,OCT,STATE,27,7,TOTAL,240000000.00
2012,OCT,STATE,28,7,TOTAL,115000000.00
2012,OCT,STATE,29,7,TOTAL,181000000.00
2012,OCT,STATE,31,7,TOTAL,229000000.00
2012,OCT,STATE,36,7,TOTAL,111000000.00
2012,OCT,STATE,37,7,TOTAL,256000000.00
2012,OCT,STATE,39,7,TOTAL,656000000.00
2012,OCT,STATE,41,7,TOTAL,61000000.00
2012,OCT,STATE,,7,TOTAL,454000000.00
2012,OCT,STATE,42,7,TOTAL,608000000.00
2012,OCT,STATE,45,7,TOTAL,92000000.00
2012,OCT,STATE,46,7,TOTAL,60000000.00
2012,OCT,STATE,48,7,TOTAL,447000000.00
2012,OCT,STATE,49,7,TOTAL,84000000.00
2012,OCT,STATE,51,7,TOTAL,58000000.00
2012,OCT,STATE,53,7,TOTAL,163000000.00
2012,OCT,STATE,55,7,TOTAL,114000000.00
2012,SEP,STATE,1,7,TOTAL,177000000.00
2012,SEP,STATE,5,7,TOTAL,250000000.00
2012,SEP,STATE,6,7,TOTAL,439000000.00
2012,SEP,STATE,8,7,TOTAL,98000000.00
2012,SEP,STATE,9,7,TOTAL,54000000.00
2012,SEP,STATE,12,7,TOTAL,204000000.00
2012,SEP,STATE,13,7,TOTAL,350000000.00
2012,SEP,STATE,17,7,TOTAL,98000000.00
2012,SEP,STATE,18,7,TOTAL,570000000.00
2012,SEP,STATE,19,7,TOTAL,1304000000.00
2012,SEP,STATE,23,7,TOTAL,79000000.00
2012,SEP,STATE,24,7,TOTAL,55000000.00
2012,SEP,STATE,26,7,TOTAL,291000000.00
2012,SEP,STATE,27,7,TOTAL,235000000.00
2012,SEP,STATE,28,7,TOTAL,112000000.00
2012,SEP,STATE,29,7,TOTAL,164000000.00
2012,SEP,STATE,31,7,TOTAL,222000000.00
2012,SEP,STATE,36,7,TOTAL,106000000.00
2012,SEP,STATE,37,7,TOTAL,250000000.00
2012,SEP,STATE,39,7,TOTAL,611000000.00
2012,SEP,STATE,41,7,TOTAL,58000000.00
2012,SEP,STATE,,7,TOTAL,436000000.00
2012,SEP,STATE,42,7,TOTAL,570000000.00
2012,SEP,STATE,45,7,TOTAL,91000000.00
2012,SEP,STATE,46,7,TOTAL,58000000.00
2012,SEP,STATE,48,7,TOTAL,437000000.00
2012,SEP,STATE,49,7,TOTAL,82000000.00
2012,SEP,STATE,51,7,TOTAL,53000000.00
2012,SEP,STATE,53,7,TOTAL,154000000.00
2012,SEP,STATE,55,7,TOTAL,111000000.00
2011,APR,STATE,1,7,TOTAL,177000000.00
2011,APR,STATE,5,7,TOTAL,239000000.00
2011,APR,STATE,6,7,TOTAL,444000000.00
2011,APR,STATE,8,7,TOTAL,91000000.00
2011,APR,STATE,9,7,TOTAL,53000000.00
2011,APR,STATE,12,7,TOTAL,214000000.00
2011,APR,STATE,13,7,TOTAL,361000000.00
2011,APR,STATE,15,7,TOTAL,718646706.00
2011,APR,STATE,17,7,TOTAL,97000000.00
2011,APR,STATE,18,7,TOTAL,551000000.00
2011,APR,STATE,19,7,TOTAL,1200000000.00
2011,APR,STATE,23,7,TOTAL,84000000.00
2011,APR,STATE,24,7,TOTAL,53000000.00
2011,APR,STATE,26,7,TOTAL,270000000.00
2011,APR,STATE,27,7,TOTAL,236000000.00
2011,APR,STATE,28,7,TOTAL,121000000.00
2011,APR,STATE,29,7,TOTAL,176000000.00
2011,APR,STATE,31,7,TOTAL,226000000.00
2011,APR,STATE,36,7,TOTAL,98000000.00
2011,APR,STATE,37,7,TOTAL,268000000.00
2011,APR,STATE,39,7,TOTAL,622000000.00
2011,APR,STATE,41,7,TOTAL,57000000.00
2011,APR,STATE,,7,TOTAL,438000000.00
2011,APR,STATE,42,7,TOTAL,615000000.00
2011,APR,STATE,45,7,TOTAL,95000000.00
2011,APR,STATE,46,7,TOTAL,55000000.00
2011,APR,STATE,48,7,TOTAL,400000000.00
2011,APR,STATE,49,7,TOTAL,81000000.00
2011,APR,STATE,51,7,TOTAL,57000000.00
2011,APR,STATE,53,7,TOTAL,162000000.00
2011,APR,STATE,55,7,TOTAL,100000000.00
2011,AUG,STATE,1,7,TOTAL,176000000.00
2011,AUG,STATE,5,7,TOTAL,254000000.00
2011,AUG,STATE,6,7,TOTAL,452000000.00
2011,AUG,STATE,8,7,TOTAL,103000000.00
2011,AUG,STATE,9,7,TOTAL,56000000.00
2011,AUG,STATE,12,7,TOTAL,223000000.00
2011,AUG,STATE,13,7,TOTAL,347000000.00
2011,AUG,STATE,15,7,TOTAL,725797273.00
2011,AUG,STATE,17,7,TOTAL,101000000.00
2011,AUG,STATE,18,7,TOTAL,543000000.00
2011,AUG,STATE,19,7,TOTAL,1278000000.00
2011,AUG,STATE,23,7,TOTAL,82000000.00
2011,AUG,STATE,24,7,TOTAL,41000000.00
2011,AUG,STATE,26,7,TOTAL,259000000.00
2011,AUG,STATE,27,7,TOTAL,235000000.00
2011,AUG,STATE,28,7,TOTAL,118000000.00
2011,AUG,STATE,29,7,TOTAL,175000000.00
2011,AUG,STATE,31,7,TOTAL,227000000.00
2011,AUG,STATE,36,7,TOTAL,108000000.00
2011,AUG,STATE,37,7,TOTAL,261000000.00
2011,AUG,STATE,39,7,TOTAL,635000000.00
2011,AUG,STATE,41,7,TOTAL,58000000.00
2011,AUG,STATE,,7,TOTAL,446000000.00
2011,AUG,STATE,42,7,TOTAL,615000000.00
2011,AUG,STATE,45,7,TOTAL,102000000.00
2011,AUG,STATE,46,7,TOTAL,62000000.00
2011,AUG,STATE,48,7,TOTAL,413000000.00
2011,AUG,STATE,49,7,TOTAL,85000000.00
2011,AUG,STATE,51,7,TOTAL,61000000.00
2011,AUG,STATE,53,7,TOTAL,163000000.00
2011,AUG,STATE,55,7,TOTAL,108000000.00
2011,DEC,STATE,1,7,TOTAL,180000000.00
2011,DEC,STATE,5,7,TOTAL,250000000.00
2011,DEC,STATE,6,7,TOTAL,463000000.00
2011,DEC,STATE,8,7,TOTAL,119000000.00
2011,DEC,STATE,9,7,TOTAL,55000000.00
2011,DEC,STATE,12,7,TOTAL,247000000.00
2011,DEC,STATE,13,7,TOTAL,368000000.00
2011,DEC,STATE,17,7,TOTAL,110000000.00
2011,DEC,STATE,18,7,TOTAL,546000000.00
2011,DEC,STATE,19,7,TOTAL,1305000000.00
2011,DEC,STATE,23,7,TOTAL,84000000.00
2011,DEC,STATE,24,7,TOTAL,51000000.00
2011,DEC,STATE,26,7,TOTAL,296000000.00
2011,DEC,STATE,27,7,TOTAL,247000000.00
2011,DEC,STATE,28,7,TOTAL,119000000.00
2011,DEC,STATE,29,7,TOTAL,168000000.00
2011,DEC,STATE,31,7,TOTAL,235000000.00
2011,DEC,STATE,36,7,TOTAL,113000000.00
2011,DEC,STATE,37,7,TOTAL,267000000.00
2011,DEC,STATE,39,7,TOTAL,673000000.00
2011,DEC,STATE,41,7,TOTAL,59000000.00
2011,DEC,STATE,,7,TOTAL,460000000.00
2011,DEC,STATE,42,7,TOTAL,618000000.00
2011,DEC,STATE,45,7,TOTAL,98000000.00
2011,DEC,STATE,46,7,TOTAL,59000000.00
2011,DEC,STATE,48,7,TOTAL,444000000.00
2011,DEC,STATE,49,7,TOTAL,88000000.00
2011,DEC,STATE,51,7,TOTAL,64000000.00
2011,DEC,STATE,53,7,TOTAL,166000000.00
2011,DEC,STATE,55,7,TOTAL,120000000.00
2011,FEB,STATE,1,7,TOTAL,164000000.00
2011,FEB,STATE,5,7,TOTAL,225000000.00
2011,FEB,STATE,6,7,TOTAL,386000000.00
2011,FEB,STATE,8,7,TOTAL,78000000.00
2011,FEB,STATE,9,7,TOTAL,47000000.00
2011,FEB,STATE,12,7,TOTAL,203000000.00
2011,FEB,STATE,13,7,TOTAL,339000000.00
2011,FEB,STATE,15,7,TOTAL,740599524.00
2011,FEB,STATE,17,7,TOTAL,101000000.00
2011,FEB,STATE,18,7,TOTAL,505000000.00
2011,FEB,STATE,19,7,TOTAL,1116000000.00
2011,FEB,STATE,23,7,TOTAL,80000000.00
2011,FEB,STATE,24,7,TOTAL,45000000.00
2011,FEB,STATE,26,7,TOTAL,240000000.00
2011,FEB,STATE,27,7,TOTAL,210000000.00
2011,FEB,STATE,28,7,TOTAL,108000000.00
2011,FEB,STATE,29,7,TOTAL,160000000.00
2011,FEB,STATE,31,7,TOTAL,210000000.00
2011,FEB,STATE,36,7,TOTAL,98000000.00
2011,FEB,STATE,37,7,TOTAL,252000000.00
2011,FEB,STATE,39,7,TOTAL,574000000.00
2011,FEB,STATE,41,7,TOTAL,57000000.00
2011,FEB,STATE,,7,TOTAL,410000000.00
2011,FEB,STATE,42,7,TOTAL,622000000.00
2011,FEB,STATE,45,7,TOTAL,88000000.00
2011,FEB,STATE,46,7,TOTAL,50000000.00
2011,FEB,STATE,48,7,TOTAL,374000000.00
2011,FEB,STATE,49,7,TOTAL,72000000.00
2011,FEB,STATE,51,7,TOTAL,51000000.00
2011,FEB,STATE,53,7,TOTAL,143000000.00
2011,FEB,STATE,55,7,TOTAL,99000000.00
2011,JAN,STATE,1,7,TOTAL,183000000.00
2011,JAN,STATE,5,7,TOTAL,251000000.00
2011,JAN,STATE,6,7,TOTAL,438000000.00
2011,JAN,STATE,8,7,TOTAL,88000000.00
2011,JAN,STATE,9,7,TOTAL,54000000.00
2011,JAN,STATE,12,7,TOTAL,233000000.00
2011,JAN,STATE,13,7,TOTAL,383000000.00
2011,JAN,STATE,15,7,TOTAL,748657292.00
2011,JAN,STATE,17,7,TOTAL,115000000.00
2011,JAN,STATE,18,7,TOTAL,555000000.00
2011,JAN,STATE,19,7,TOTAL,1243000000.00
2011,JAN,STATE,23,7,TOTAL,86000000.00
2011,JAN,STATE,24,7,TOTAL,50000000.00
2011,JAN,STATE,26,7,TOTAL,258000000.00
2011,JAN,STATE,27,7,TOTAL,241000000.00
2011,JAN,STATE,28,7,TOTAL,120000000.00
2011,JAN,STATE,29,7,TOTAL,176000000.00
2011,JAN,STATE,31,7,TOTAL,231000000.00
2011,JAN,STATE,36,7,TOTAL,106000000.00
2011,JAN,STATE,37,7,TOTAL,275000000.00
2011,JAN,STATE,39,7,TOTAL,657000000.00
2011,JAN,STATE,41,7,TOTAL,57000000.00
2011,JAN,STATE,,7,TOTAL,452000000.00
2011,JAN,STATE,42,7,TOTAL,622000000.00
2011,JAN,STATE,45,7,TOTAL,96000000.00
2011,JAN,STATE,46,7,TOTAL,57000000.00
2011,JAN,STATE,48,7,TOTAL,423000000.00
2011,JAN,STATE,49,7,TOTAL,74000000.00
2011,JAN,STATE,51,7,TOTAL,60000000.00
2011,JAN,STATE,53,7,TOTAL,158000000.00
2011,JAN,STATE,55,7,TOTAL,111000000.00
2011,JUL,STATE,1,7,TOTAL,176000000.00
2011,JUL,STATE,5,7,TOTAL,259000000.00
2011,JUL,STATE,6,7,TOTAL,454000000.00
2011,JUL,STATE,8,7,TOTAL,104000000.00
2011,JUL,STATE,9,7,TOTAL,55000000.00
2011,JUL,STATE,12,7,TOTAL,219000000.00
2011,JUL,STATE,13,7,TOTAL,347000000.00
2011,JUL,STATE,15,7,TOTAL,756682933.00
2011,JUL,STATE,17,7,TOTAL,104000000.00
2011,JUL,STATE,18,7,TOTAL,544000000.00
2011,JUL,STATE,19,7,TOTAL,1276000000.00
2011,JUL,STATE,23,7,TOTAL,83000000.00
2011,JUL,STATE,24,7,TOTAL,42000000.00
2011,JUL,STATE,26,7,TOTAL,269000000.00
2011,JUL,STATE,27,7,TOTAL,239000000.00
2011,JUL,STATE,28,7,TOTAL,120000000.00
2011,JUL,STATE,29,7,TOTAL,172000000.00
2011,JUL,STATE,31,7,TOTAL,227000000.00
2011,JUL,STATE,36,7,TOTAL,105000000.00
2011,JUL,STATE,37,7,TOTAL,271000000.00
2011,JUL,STATE,39,7,TOTAL,634000000.00
2011,JUL,STATE,41,7,TOTAL,55000000.00
2011,JUL,STATE,,7,TOTAL,450000000.00
2011,JUL,STATE,42,7,TOTAL,618000000.00
2011,JUL,STATE,45,7,TOTAL,100000000.00
2011,JUL,STATE,46,7,TOTAL,59000000.00
2011,JUL,STATE,48,7,TOTAL,408000000.00
2011,JUL,STATE,49,7,TOTAL,78000000.00
2011,JUL,STATE,51,7,TOTAL,60000000.00
2011,JUL,STATE,53,7,TOTAL,163000000.00
2011,JUL,STATE,55,7,TOTAL,105000000.00
2011,JUN,STATE,1,7,TOTAL,170000000.00
2011,JUN,STATE,5,7,TOTAL,254000000.00
2011,JUN,STATE,6,7,TOTAL,429000000.00
2011,JUN,STATE,8,7,TOTAL,97000000.00
2011,JUN,STATE,9,7,TOTAL,53000000.00
2011,JUN,STATE,12,7,TOTAL,210000000.00
2011,JUN,STATE,13,7,TOTAL,336000000.00
2011,JUN,STATE,15,7,TOTAL,765036442.00
2011,JUN,STATE,17,7,TOTAL,103000000.00
2011,JUN,STATE,18,7,TOTAL,544000000.00
2011,JUN,STATE,19,7,TOTAL,1213000000.00
2011,JUN,STATE,23,7,TOTAL,82000000.00
2011,JUN,STATE,24,7,TOTAL,46000000.00
2011,JUN,STATE,26,7,TOTAL,254000000.00
2011,JUN,STATE,27,7,TOTAL,231000000.00
2011,JUN,STATE,28,7,TOTAL,119000000.00
2011,JUN,STATE,29,7,TOTAL,174000000.00
2011,JUN,STATE,31,7,TOTAL,217000000.00
2011,JUN,STATE,36,7,TOTAL,102000000.00
2011,JUN,STATE,37,7,TOTAL,277000000.00
2011,JUN,STATE,39,7,TOTAL,612000000.00
2011,JUN,STATE,41,7,TOTAL,53000000.00
2011,JUN,STATE,,7,TOTAL,437000000.00
2011,JUN,STATE,42,7,TOTAL,599000000.00
2011,JUN,STATE,45,7,TOTAL,97000000.00
2011,JUN,STATE,46,7,TOTAL,58000000.00
2011,JUN,STATE,48,7,TOTAL,388000000.00
2011,JUN,STATE,49,7,TOTAL,77000000.00
2011,JUN,STATE,51,7,TOTAL,56000000.00
2011,JUN,STATE,53,7,TOTAL,157000000.00
2011,JUN,STATE,55,7,TOTAL,98000000.00
2011,MAR,STATE,1,7,TOTAL,184000000.00
2011,MAR,STATE,5,7,TOTAL,249000000.00
2011,MAR,STATE,6,7,TOTAL,441000000.00
2011,MAR,STATE,8,7,TOTAL,90000000.00
2011,MAR,STATE,9,7,TOTAL,53000000.00
2011,MAR,STATE,12,7,TOTAL,220000000.00
2011,MAR,STATE,13,7,TOTAL,379000000.00
2011,MAR,STATE,15,7,TOTAL,773743078.00
2011,MAR,STATE,17,7,TOTAL,102000000.00
2011,MAR,STATE,18,7,TOTAL,565000000.00
2011,MAR,STATE,19,7,TOTAL,1246000000.00
2011,MAR,STATE,23,7,TOTAL,88000000.00
2011,MAR,STATE,24,7,TOTAL,53000000.00
2011,MAR,STATE,26,7,TOTAL,274000000.00
2011,MAR,STATE,27,7,TOTAL,240000000.00
2011,MAR,STATE,28,7,TOTAL,123000000.00
2011,MAR,STATE,29,7,TOTAL,178000000.00
2011,MAR,STATE,31,7,TOTAL,235000000.00
2011,MAR,STATE,36,7,TOTAL,106000000.00
2011,MAR,STATE,37,7,TOTAL,274000000.00
2011,MAR,STATE,39,7,TOTAL,648000000.00
2011,MAR,STATE,41,7,TOTAL,61000000.00
2011,MAR,STATE,,7,TOTAL,449000000.00
2011,MAR,STATE,42,7,TOTAL,623000000.00
2011,MAR,STATE,45,7,TOTAL,98000000.00
2011,MAR,STATE,46,7,TOTAL,57000000.00
2011,MAR,STATE,48,7,TOTAL,419000000.00
2011,MAR,STATE,49,7,TOTAL,86000000.00
2011,MAR,STATE,51,7,TOTAL,58000000.00
2011,MAR,STATE,53,7,TOTAL,164000000.00
2011,MAR,STATE,55,7,TOTAL,107000000.00
2011,MARKETING YEAR,STATE,1,7,TOTAL,2115000000.00
2011,MARKETING YEAR,STATE,5,7,TOTAL,2951000000.00
2011,MARKETING YEAR,STATE,6,7,TOTAL,5287000000.00
2011,MARKETING YEAR,STATE,8,7,TOTAL,1163000000.00
2011,MARKETING YEAR,STATE,9,7,TOTAL,638000000.00
2011,MARKETING YEAR,STATE,12,7,TOTAL,2666000000.00
2011,MARKETING YEAR,STATE,13,7,TOTAL,4289000000.00
2011,MARKETING YEAR,STATE,15,7,TOTAL,772501330.00
2011,MARKETING YEAR,STATE,17,7,TOTAL,1260000000.00
2011,MARKETING YEAR,STATE,18,7,TOTAL,6504000000.00
2011,MARKETING YEAR,STATE,19,7,TOTAL,14839000000.00
2011,MARKETING YEAR,STATE,21,7,TOTAL,1111000000.00
2011,MARKETING YEAR,STATE,22,7,TOTAL,508000000.00
2011,MARKETING YEAR,STATE,23,7,TOTAL,1003000000.00
2011,MARKETING YEAR,STATE,24,7,TOTAL,569000000.00
2011,MARKETING YEAR,STATE,25,7,TOTAL,36000000.00
2011,MARKETING YEAR,STATE,26,7,TOTAL,3149000000.00
2011,MARKETING YEAR,STATE,27,7,TOTAL,2827000000.00
2011,MARKETING YEAR,STATE,28,7,TOTAL,1415000000.00
2011,MARKETING YEAR,STATE,29,7,TOTAL,2077000000.00
2011,MARKETING YEAR,STATE,30,7,TOTAL,119000000.00
2011,MARKETING YEAR,STATE,31,7,TOTAL,2697000000.00
2011,MARKETING YEAR,STATE,36,7,TOTAL,1256000000.00
2011,MARKETING YEAR,STATE,37,7,TOTAL,3220000000.00
2011,MARKETING YEAR,STATE,39,7,TOTAL,7607000000.00
2011,MARKETING YEAR,STATE,40,7,TOTAL,745000000.00
2011,MARKETING YEAR,STATE,41,7,TOTAL,676000000.00
2011,MARKETING YEAR,STATE,,7,TOTAL,2111000000.00
2011,MARKETING YEAR,STATE,42,7,TOTAL,7306000000.00
2011,MARKETING YEAR,STATE,45,7,TOTAL,1153000000.00
2011,MARKETING YEAR,STATE,46,7,TOTAL,698000000.00
2011,MARKETING YEAR,STATE,47,7,TOTAL,363000000.00
2011,MARKETING YEAR,STATE,48,7,TOTAL,4909000000.00
2011,MARKETING YEAR,STATE,49,7,TOTAL,968000000.00
2011,MARKETING YEAR,STATE,50,7,TOTAL,60000000.00
2011,MARKETING YEAR,STATE,51,7,TOTAL,716000000.00
2011,MARKETING YEAR,STATE,53,7,TOTAL,1924000000.00
2011,MARKETING YEAR,STATE,54,7,TOTAL,237000000.00
2011,MARKETING YEAR,STATE,55,7,TOTAL,1277000000.00
2011,MARKETING YEAR,STATE,56,7,TOTAL,2400000.00
2011,MAY,STATE,1,7,TOTAL,178000000.00
2011,MAY,STATE,5,7,TOTAL,254000000.00
2011,MAY,STATE,6,7,TOTAL,449000000.00
2011,MAY,STATE,8,7,TOTAL,96000000.00
2011,MAY,STATE,9,7,TOTAL,55000000.00
2011,MAY,STATE,12,7,TOTAL,218000000.00
2011,MAY,STATE,13,7,TOTAL,354000000.00
2011,MAY,STATE,15,7,TOTAL,746028295.00
2011,MAY,STATE,17,7,TOTAL,102000000.00
2011,MAY,STATE,18,7,TOTAL,567000000.00
2011,MAY,STATE,19,7,TOTAL,1237000000.00
2011,MAY,STATE,23,7,TOTAL,86000000.00
2011,MAY,STATE,24,7,TOTAL,51000000.00
2011,MAY,STATE,26,7,TOTAL,267000000.00
2011,MAY,STATE,27,7,TOTAL,239000000.00
2011,MAY,STATE,28,7,TOTAL,122000000.00
2011,MAY,STATE,29,7,TOTAL,185000000.00
2011,MAY,STATE,31,7,TOTAL,227000000.00
2011,MAY,STATE,36,7,TOTAL,102000000.00
2011,MAY,STATE,37,7,TOTAL,289000000.00
2011,MAY,STATE,39,7,TOTAL,628000000.00
2011,MAY,STATE,41,7,TOTAL,56000000.00
2011,MAY,STATE,,7,TOTAL,449000000.00
2011,MAY,STATE,42,7,TOTAL,621000000.00
2011,MAY,STATE,45,7,TOTAL,100000000.00
2011,MAY,STATE,46,7,TOTAL,58000000.00
2011,MAY,STATE,48,7,TOTAL,399000000.00
2011,MAY,STATE,49,7,TOTAL,79000000.00
2011,MAY,STATE,51,7,TOTAL,57000000.00
2011,MAY,STATE,53,7,TOTAL,166000000.00
2011,MAY,STATE,55,7,TOTAL,101000000.00
2011,NOV,STATE,1,7,TOTAL,174000000.00
2011,NOV,STATE,5,7,TOTAL,238000000.00
2011,NOV,STATE,6,7,TOTAL,452000000.00
2011,NOV,STATE,8,7,TOTAL,112000000.00
2011,NOV,STATE,9,7,TOTAL,51000000.00
2011,NOV,STATE,12,7,TOTAL,234000000.00
2011,NOV,STATE,13,7,TOTAL,345000000.00
2011,NOV,STATE,15,7,TOTAL,754799702.00
2011,NOV,STATE,17,7,TOTAL,107000000.00
2011,NOV,STATE,18,7,TOTAL,513000000.00
2011,NOV,STATE,19,7,TOTAL,1263000000.00
2011,NOV,STATE,23,7,TOTAL,81000000.00
2011,NOV,STATE,24,7,TOTAL,48000000.00
2011,NOV,STATE,26,7,TOTAL,273000000.00
2011,NOV,STATE,27,7,TOTAL,232000000.00
2011,NOV,STATE,28,7,TOTAL,111000000.00
2011,NOV,STATE,29,7,TOTAL,157000000.00
2011,NOV,STATE,31,7,TOTAL,222000000.00
2011,NOV,STATE,36,7,TOTAL,107000000.00
2011,NOV,STATE,37,7,TOTAL,251000000.00
2011,NOV,STATE,39,7,TOTAL,643000000.00
2011,NOV,STATE,41,7,TOTAL,58000000.00
2011,NOV,STATE,,7,TOTAL,436000000.00
2011,NOV,STATE,42,7,TOTAL,602000000.00
2011,NOV,STATE,45,7,TOTAL,92000000.00
2011,NOV,STATE,46,7,TOTAL,59000000.00
2011,NOV,STATE,48,7,TOTAL,427000000.00
2011,NOV,STATE,49,7,TOTAL,84000000.00
2011,NOV,STATE,51,7,TOTAL,64000000.00
2011,NOV,STATE,53,7,TOTAL,162000000.00
2011,NOV,STATE,55,7,TOTAL,115000000.00
2011,OCT,STATE,1,7,TOTAL,177000000.00
2011,OCT,STATE,5,7,TOTAL,237000000.00
2011,OCT,STATE,6,7,TOTAL,458000000.00
2011,OCT,STATE,8,7,TOTAL,112000000.00
2011,OCT,STATE,9,7,TOTAL,52000000.00
2011,OCT,STATE,12,7,TOTAL,233000000.00
2011,OCT,STATE,13,7,TOTAL,358000000.00
2011,OCT,STATE,15,7,TOTAL,763930131.00
2011,OCT,STATE,17,7,TOTAL,113000000.00
2011,OCT,STATE,18,7,TOTAL,532000000.00
2011,OCT,STATE,19,7,TOTAL,1297000000.00
2011,OCT,STATE,23,7,TOTAL,84000000.00
2011,OCT,STATE,24,7,TOTAL,45000000.00
2011,OCT,STATE,26,7,TOTAL,271000000.00
2011,OCT,STATE,27,7,TOTAL,243000000.00
2011,OCT,STATE,28,7,TOTAL,116000000.00
2011,OCT,STATE,29,7,TOTAL,173000000.00
2011,OCT,STATE,31,7,TOTAL,225000000.00
2011,OCT,STATE,36,7,TOTAL,109000000.00
2011,OCT,STATE,37,7,TOTAL,266000000.00
2011,OCT,STATE,39,7,TOTAL,650000000.00
2011,OCT,STATE,41,7,TOTAL,56000000.00
2011,OCT,STATE,,7,TOTAL,444000000.00
2011,OCT,STATE,42,7,TOTAL,614000000.00
2011,OCT,STATE,45,7,TOTAL,93000000.00
2011,OCT,STATE,46,7,TOTAL,63000000.00
2011,OCT,STATE,48,7,TOTAL,424000000.00
2011,OCT,STATE,49,7,TOTAL,87000000.00
2011,OCT,STATE,51,7,TOTAL,67000000.00
2011,OCT,STATE,53,7,TOTAL,170000000.00
2011,OCT,STATE,55,7,TOTAL,113000000.00
2011,SEP,STATE,1,7,TOTAL,170000000.00
2011,SEP,STATE,5,7,TOTAL,236000000.00
2011,SEP,STATE,6,7,TOTAL,436000000.00
2011,SEP,STATE,8,7,TOTAL,103000000.00
2011,SEP,STATE,9,7,TOTAL,53000000.00
2011,SEP,STATE,12,7,TOTAL,221000000.00
2011,SEP,STATE,13,7,TOTAL,348000000.00
2011,SEP,STATE,15,7,TOTAL,773347414.00
2011,SEP,STATE,17,7,TOTAL,105000000.00
2011,SEP,STATE,18,7,TOTAL,531000000.00
2011,SEP,STATE,19,7,TOTAL,1235000000.00
2011,SEP,STATE,23,7,TOTAL,80000000.00
2011,SEP,STATE,24,7,TOTAL,42000000.00
2011,SEP,STATE,26,7,TOTAL,250000000.00
2011,SEP,STATE,27,7,TOTAL,229000000.00
2011,SEP,STATE,28,7,TOTAL,115000000.00
2011,SEP,STATE,29,7,TOTAL,176000000.00
2011,SEP,STATE,31,7,TOTAL,218000000.00
2011,SEP,STATE,36,7,TOTAL,106000000.00
2011,SEP,STATE,37,7,TOTAL,259000000.00
2011,SEP,STATE,39,7,TOTAL,625000000.00
2011,SEP,STATE,41,7,TOTAL,55000000.00
2011,SEP,STATE,,7,TOTAL,431000000.00
2011,SEP,STATE,42,7,TOTAL,594000000.00
2011,SEP,STATE,45,7,TOTAL,95000000.00
2011,SEP,STATE,46,7,TOTAL,61000000.00
2011,SEP,STATE,48,7,TOTAL,400000000.00
2011,SEP,STATE,49,7,TOTAL,85000000.00
2011,SEP,STATE,51,7,TOTAL,63000000.00
2011,SEP,STATE,53,7,TOTAL,159000000.00
2011,SEP,STATE,55,7,TOTAL,107000000.00
2010,APR,STATE,1,7,TOTAL,182000000.00
2010,APR,STATE,5,7,TOTAL,248000000.00
2010,APR,STATE,6,7,TOTAL,431000000.00
2010,APR,STATE,8,7,TOTAL,89000000.00
2010,APR,STATE,9,7,TOTAL,60000000.00
2010,APR,STATE,12,7,TOTAL,210000000.00
2010,APR,STATE,13,7,TOTAL,374000000.00
2010,APR,STATE,15,7,TOTAL,6000000.00
2010,APR,STATE,17,7,TOTAL,105000000.00
2010,APR,STATE,18,7,TOTAL,543000000.00
2010,APR,STATE,19,7,TOTAL,1253000000.00
2010,APR,STATE,23,7,TOTAL,87000000.00
2010,APR,STATE,24,7,TOTAL,50000000.00
2010,APR,STATE,26,7,TOTAL,259000000.00
2010,APR,STATE,27,7,TOTAL,231000000.00
2010,APR,STATE,28,7,TOTAL,120000000.00
2010,APR,STATE,29,7,TOTAL,166000000.00
2010,APR,STATE,31,7,TOTAL,225000000.00
2010,APR,STATE,36,7,TOTAL,91000000.00
2010,APR,STATE,37,7,TOTAL,270000000.00
2010,APR,STATE,39,7,TOTAL,618000000.00
2010,APR,STATE,41,7,TOTAL,64000000.00
2010,APR,STATE,,7,TOTAL,428000000.00
2010,APR,STATE,42,7,TOTAL,574000000.00
2010,APR,STATE,45,7,TOTAL,91000000.00
2010,APR,STATE,46,7,TOTAL,54000000.00
2010,APR,STATE,48,7,TOTAL,395000000.00
2010,APR,STATE,49,7,TOTAL,76000000.00
2010,APR,STATE,51,7,TOTAL,61000000.00
2010,APR,STATE,53,7,TOTAL,148000000.00
2010,APR,STATE,55,7,TOTAL,111000000.00
2010,AUG,STATE,1,7,TOTAL,188000000.00
2010,AUG,STATE,5,7,TOTAL,250000000.00
2010,AUG,STATE,6,7,TOTAL,454000000.00
2010,AUG,STATE,8,7,TOTAL,91000000.00
2010,AUG,STATE,9,7,TOTAL,59000000.00
2010,AUG,STATE,12,7,TOTAL,219000000.00
2010,AUG,STATE,13,7,TOTAL,362000000.00
2010,AUG,STATE,15,7,TOTAL,6000000.00
2010,AUG,STATE,17,7,TOTAL,110000000.00
2010,AUG,STATE,18,7,TOTAL,547000000.00
2010,AUG,STATE,19,7,TOTAL,1260000000.00
2010,AUG,STATE,23,7,TOTAL,88000000.00
2010,AUG,STATE,24,7,TOTAL,54000000.00
2010,AUG,STATE,26,7,TOTAL,264000000.00
2010,AUG,STATE,27,7,TOTAL,240000000.00
2010,AUG,STATE,28,7,TOTAL,126000000.00
2010,AUG,STATE,29,7,TOTAL,172000000.00
2010,AUG,STATE,31,7,TOTAL,233000000.00
2010,AUG,STATE,36,7,TOTAL,98000000.00
2010,AUG,STATE,37,7,TOTAL,276000000.00
2010,AUG,STATE,39,7,TOTAL,651000000.00
2010,AUG,STATE,41,7,TOTAL,61000000.00
2010,AUG,STATE,,7,TOTAL,437000000.00
2010,AUG,STATE,42,7,TOTAL,594000000.00
2010,AUG,STATE,45,7,TOTAL,92000000.00
2010,AUG,STATE,46,7,TOTAL,57000000.00
2010,AUG,STATE,48,7,TOTAL,399000000.00
2010,AUG,STATE,49,7,TOTAL,78000000.00
2010,AUG,STATE,51,7,TOTAL,64000000.00
2010,AUG,STATE,53,7,TOTAL,150000000.00
2010,AUG,STATE,55,7,TOTAL,110000000.00
2010,DEC,STATE,1,7,TOTAL,186000000.00
2010,DEC,STATE,5,7,TOTAL,255000000.00
2010,DEC,STATE,6,7,TOTAL,448000000.00
2010,DEC,STATE,8,7,TOTAL,89000000.00
2010,DEC,STATE,9,7,TOTAL,56000000.00
2010,DEC,STATE,12,7,TOTAL,238000000.00
2010,DEC,STATE,13,7,TOTAL,392000000.00
2010,DEC,STATE,15,7,TOTAL,805149506.00
2010,DEC,STATE,17,7,TOTAL,110000000.00
2010,DEC,STATE,18,7,TOTAL,554000000.00
2010,DEC,STATE,19,7,TOTAL,1235000000.00
2010,DEC,STATE,23,7,TOTAL,87000000.00
2010,DEC,STATE,24,7,TOTAL,53000000.00
2010,DEC,STATE,26,7,TOTAL,264000000.00
2010,DEC,STATE,27,7,TOTAL,252000000.00
2010,DEC,STATE,28,7,TOTAL,122000000.00
2010,DEC,STATE,29,7,TOTAL,175000000.00
2010,DEC,STATE,31,7,TOTAL,232000000.00
2010,DEC,STATE,36,7,TOTAL,109000000.00
2010,DEC,STATE,37,7,TOTAL,277000000.00
2010,DEC,STATE,39,7,TOTAL,679000000.00
2010,DEC,STATE,41,7,TOTAL,58000000.00
2010,DEC,STATE,,7,TOTAL,449000000.00
2010,DEC,STATE,42,7,TOTAL,626000000.00
2010,DEC,STATE,45,7,TOTAL,97000000.00
2010,DEC,STATE,46,7,TOTAL,59000000.00
2010,DEC,STATE,48,7,TOTAL,434000000.00
2010,DEC,STATE,49,7,TOTAL,80000000.00
2010,DEC,STATE,51,7,TOTAL,62000000.00
2010,DEC,STATE,53,7,TOTAL,157000000.00
2010,DEC,STATE,55,7,TOTAL,113000000.00
2010,FEB,STATE,1,7,TOTAL,160000000.00
2010,FEB,STATE,5,7,TOTAL,225000000.00
2010,FEB,STATE,6,7,TOTAL,401000000.00
2010,FEB,STATE,8,7,TOTAL,80000000.00
2010,FEB,STATE,9,7,TOTAL,53000000.00
2010,FEB,STATE,12,7,TOTAL,201000000.00
2010,FEB,STATE,13,7,TOTAL,353000000.00
2010,FEB,STATE,15,7,TOTAL,5000000.00
2010,FEB,STATE,17,7,TOTAL,98000000.00
2010,FEB,STATE,18,7,TOTAL,498000000.00
2010,FEB,STATE,19,7,TOTAL,1108000000.00
2010,FEB,STATE,23,7,TOTAL,79000000.00
2010,FEB,STATE,24,7,TOTAL,49000000.00
2010,FEB,STATE,26,7,TOTAL,233000000.00
2010,FEB,STATE,27,7,TOTAL,220000000.00
2010,FEB,STATE,28,7,TOTAL,111000000.00
2010,FEB,STATE,29,7,TOTAL,153000000.00
2010,FEB,STATE,31,7,TOTAL,205000000.00
2010,FEB,STATE,36,7,TOTAL,89000000.00
2010,FEB,STATE,37,7,TOTAL,249000000.00
2010,FEB,STATE,39,7,TOTAL,562000000.00
2010,FEB,STATE,41,7,TOTAL,59000000.00
2010,FEB,STATE,,7,TOTAL,402000000.00
2010,FEB,STATE,42,7,TOTAL,586000000.00
2010,FEB,STATE,45,7,TOTAL,84000000.00
2010,FEB,STATE,46,7,TOTAL,52000000.00
2010,FEB,STATE,48,7,TOTAL,367000000.00
2010,FEB,STATE,49,7,TOTAL,67000000.00
2010,FEB,STATE,51,7,TOTAL,54000000.00
2010,FEB,STATE,53,7,TOTAL,132000000.00
2010,FEB,STATE,55,7,TOTAL,97000000.00
2010,JAN,STATE,1,7,TOTAL,182000000.00
2010,JAN,STATE,5,7,TOTAL,249000000.00
2010,JAN,STATE,6,7,TOTAL,439000000.00
2010,JAN,STATE,8,7,TOTAL,90000000.00
2010,JAN,STATE,9,7,TOTAL,60000000.00
2010,JAN,STATE,12,7,TOTAL,227000000.00
2010,JAN,STATE,13,7,TOTAL,389000000.00
2010,JAN,STATE,15,7,TOTAL,6000000.00
2010,JAN,STATE,17,7,TOTAL,111000000.00
2010,JAN,STATE,18,7,TOTAL,551000000.00
2010,JAN,STATE,19,7,TOTAL,1240000000.00
2010,JAN,STATE,23,7,TOTAL,86000000.00
2010,JAN,STATE,24,7,TOTAL,53000000.00
2010,JAN,STATE,26,7,TOTAL,254000000.00
2010,JAN,STATE,27,7,TOTAL,242000000.00
2010,JAN,STATE,28,7,TOTAL,122000000.00
2010,JAN,STATE,29,7,TOTAL,169000000.00
2010,JAN,STATE,31,7,TOTAL,231000000.00
2010,JAN,STATE,36,7,TOTAL,98000000.00
2010,JAN,STATE,37,7,TOTAL,277000000.00
2010,JAN,STATE,39,7,TOTAL,627000000.00
2010,JAN,STATE,41,7,TOTAL,59000000.00
2010,JAN,STATE,,7,TOTAL,446000000.00
2010,JAN,STATE,42,7,TOTAL,586000000.00
2010,JAN,STATE,45,7,TOTAL,94000000.00
2010,JAN,STATE,46,7,TOTAL,59000000.00
2010,JAN,STATE,48,7,TOTAL,412000000.00
2010,JAN,STATE,49,7,TOTAL,77000000.00
2010,JAN,STATE,51,7,TOTAL,58000000.00
2010,JAN,STATE,53,7,TOTAL,147000000.00
2010,JAN,STATE,55,7,TOTAL,113000000.00
2010,JUL,STATE,1,7,TOTAL,187000000.00
2010,JUL,STATE,5,7,TOTAL,253000000.00
2010,JUL,STATE,6,7,TOTAL,444000000.00
2010,JUL,STATE,8,7,TOTAL,90000000.00
2010,JUL,STATE,9,7,TOTAL,59000000.00
2010,JUL,STATE,12,7,TOTAL,211000000.00
2010,JUL,STATE,13,7,TOTAL,363000000.00
2010,JUL,STATE,15,7,TOTAL,6000000.00
2010,JUL,STATE,17,7,TOTAL,106000000.00
2010,JUL,STATE,18,7,TOTAL,550000000.00
2010,JUL,STATE,19,7,TOTAL,1254000000.00
2010,JUL,STATE,23,7,TOTAL,88000000.00
2010,JUL,STATE,24,7,TOTAL,53000000.00
2010,JUL,STATE,26,7,TOTAL,257000000.00
2010,JUL,STATE,27,7,TOTAL,242000000.00
2010,JUL,STATE,28,7,TOTAL,128000000.00
2010,JUL,STATE,29,7,TOTAL,172000000.00
2010,JUL,STATE,31,7,TOTAL,236000000.00
2010,JUL,STATE,36,7,TOTAL,99000000.00
2010,JUL,STATE,37,7,TOTAL,281000000.00
2010,JUL,STATE,39,7,TOTAL,640000000.00
2010,JUL,STATE,41,7,TOTAL,62000000.00
2010,JUL,STATE,,7,TOTAL,440000000.00
2010,JUL,STATE,42,7,TOTAL,600000000.00
2010,JUL,STATE,45,7,TOTAL,88000000.00
2010,JUL,STATE,46,7,TOTAL,57000000.00
2010,JUL,STATE,48,7,TOTAL,392000000.00
2010,JUL,STATE,49,7,TOTAL,78000000.00
2010,JUL,STATE,51,7,TOTAL,61000000.00
2010,JUL,STATE,53,7,TOTAL,151000000.00
2010,JUL,STATE,55,7,TOTAL,108000000.00
2010,JUN,STATE,1,7,TOTAL,183000000.00
2010,JUN,STATE,5,7,TOTAL,240000000.00
2010,JUN,STATE,6,7,TOTAL,433000000.00
2010,JUN,STATE,8,7,TOTAL,85000000.00
2010,JUN,STATE,9,7,TOTAL,57000000.00
2010,JUN,STATE,12,7,TOTAL,198000000.00
2010,JUN,STATE,13,7,TOTAL,360000000.00
2010,JUN,STATE,15,7,TOTAL,6000000.00
2010,JUN,STATE,17,7,TOTAL,99000000.00
2010,JUN,STATE,18,7,TOTAL,542000000.00
2010,JUN,STATE,19,7,TOTAL,1242000000.00
2010,JUN,STATE,23,7,TOTAL,85000000.00
2010,JUN,STATE,24,7,TOTAL,54000000.00
2010,JUN,STATE,26,7,TOTAL,235000000.00
2010,JUN,STATE,27,7,TOTAL,236000000.00
2010,JUN,STATE,28,7,TOTAL,125000000.00
2010,JUN,STATE,29,7,TOTAL,168000000.00
2010,JUN,STATE,31,7,TOTAL,229000000.00
2010,JUN,STATE,36,7,TOTAL,97000000.00
2010,JUN,STATE,37,7,TOTAL,267000000.00
2010,JUN,STATE,39,7,TOTAL,606000000.00
2010,JUN,STATE,41,7,TOTAL,59000000.00
2010,JUN,STATE,,7,TOTAL,426000000.00
2010,JUN,STATE,42,7,TOTAL,582000000.00
2010,JUN,STATE,45,7,TOTAL,85000000.00
2010,JUN,STATE,46,7,TOTAL,55000000.00
2010,JUN,STATE,48,7,TOTAL,384000000.00
2010,JUN,STATE,49,7,TOTAL,80000000.00
2010,JUN,STATE,51,7,TOTAL,61000000.00
2010,JUN,STATE,53,7,TOTAL,144000000.00
2010,JUN,STATE,55,7,TOTAL,106000000.00
2010,MAR,STATE,1,7,TOTAL,181000000.00
2010,MAR,STATE,5,7,TOTAL,255000000.00
2010,MAR,STATE,6,7,TOTAL,455000000.00
2010,MAR,STATE,8,7,TOTAL,92000000.00
2010,MAR,STATE,9,7,TOTAL,60000000.00
2010,MAR,STATE,12,7,TOTAL,228000000.00
2010,MAR,STATE,13,7,TOTAL,396000000.00
2010,MAR,STATE,15,7,TOTAL,6000000.00
2010,MAR,STATE,17,7,TOTAL,108000000.00
2010,MAR,STATE,18,7,TOTAL,562000000.00
2010,MAR,STATE,19,7,TOTAL,1271000000.00
2010,MAR,STATE,23,7,TOTAL,89000000.00
2010,MAR,STATE,24,7,TOTAL,55000000.00
2010,MAR,STATE,26,7,TOTAL,264000000.00
2010,MAR,STATE,27,7,TOTAL,243000000.00
2010,MAR,STATE,28,7,TOTAL,126000000.00
2010,MAR,STATE,29,7,TOTAL,169000000.00
2010,MAR,STATE,31,7,TOTAL,230000000.00
2010,MAR,STATE,36,7,TOTAL,98000000.00
2010,MAR,STATE,37,7,TOTAL,279000000.00
2010,MAR,STATE,39,7,TOTAL,639000000.00
2010,MAR,STATE,41,7,TOTAL,63000000.00
2010,MAR,STATE,,7,TOTAL,444000000.00
2010,MAR,STATE,42,7,TOTAL,591000000.00
2010,MAR,STATE,45,7,TOTAL,97000000.00
2010,MAR,STATE,46,7,TOTAL,58000000.00
2010,MAR,STATE,48,7,TOTAL,413000000.00
2010,MAR,STATE,49,7,TOTAL,77000000.00
2010,MAR,STATE,51,7,TOTAL,63000000.00
2010,MAR,STATE,53,7,TOTAL,154000000.00
2010,MAR,STATE,55,7,TOTAL,111000000.00
2010,MARKETING YEAR,STATE,1,7,TOTAL,2182000000.00
2010,MARKETING YEAR,STATE,5,7,TOTAL,2960000000.00
2010,MARKETING YEAR,STATE,6,7,TOTAL,5283000000.00
2010,MARKETING YEAR,STATE,8,7,TOTAL,1066000000.00
2010,MARKETING YEAR,STATE,9,7,TOTAL,695000000.00
2010,MARKETING YEAR,STATE,12,7,TOTAL,2592000000.00
2010,MARKETING YEAR,STATE,13,7,TOTAL,4485000000.00
2010,MARKETING YEAR,STATE,15,7,TOTAL,69500000.00
2010,MARKETING YEAR,STATE,17,7,TOTAL,1272000000.00
2010,MARKETING YEAR,STATE,18,7,TOTAL,6493000000.00
2010,MARKETING YEAR,STATE,19,7,TOTAL,14773000000.00
2010,MARKETING YEAR,STATE,21,7,TOTAL,1119000000.00
2010,MARKETING YEAR,STATE,22,7,TOTAL,462000000.00
2010,MARKETING YEAR,STATE,23,7,TOTAL,1034000000.00
2010,MARKETING YEAR,STATE,24,7,TOTAL,616000000.00
2010,MARKETING YEAR,STATE,25,7,TOTAL,36000000.00
2010,MARKETING YEAR,STATE,26,7,TOTAL,3055000000.00
2010,MARKETING YEAR,STATE,27,7,TOTAL,2869000000.00
2010,MARKETING YEAR,STATE,28,7,TOTAL,1467000000.00
2010,MARKETING YEAR,STATE,29,7,TOTAL,2017000000.00
2010,MARKETING YEAR,STATE,30,7,TOTAL,119000000.00
2010,MARKETING YEAR,STATE,31,7,TOTAL,2751000000.00
2010,MARKETING YEAR,STATE,36,7,TOTAL,1161000000.00
2010,MARKETING YEAR,STATE,37,7,TOTAL,3251000000.00
2010,MARKETING YEAR,STATE,39,7,TOTAL,7540000000.00
2010,MARKETING YEAR,STATE,40,7,TOTAL,769000000.00
2010,MARKETING YEAR,STATE,41,7,TOTAL,715000000.00
2010,MARKETING YEAR,STATE,,7,TOTAL,2049000000.00
2010,MARKETING YEAR,STATE,42,7,TOTAL,6976000000.00
2010,MARKETING YEAR,STATE,45,7,TOTAL,1102000000.00
2010,MARKETING YEAR,STATE,46,7,TOTAL,672000000.00
2010,MARKETING YEAR,STATE,47,7,TOTAL,308000000.00
2010,MARKETING YEAR,STATE,48,7,TOTAL,4811000000.00
2010,MARKETING YEAR,STATE,49,7,TOTAL,929000000.00
2010,MARKETING YEAR,STATE,50,7,TOTAL,59000000.00
2010,MARKETING YEAR,STATE,51,7,TOTAL,735000000.00
2010,MARKETING YEAR,STATE,53,7,TOTAL,1739000000.00
2010,MARKETING YEAR,STATE,54,7,TOTAL,267000000.00
2010,MARKETING YEAR,STATE,55,7,TOTAL,1312000000.00
2010,MARKETING YEAR,STATE,56,7,TOTAL,2400000.00
2010,MAY,STATE,1,7,TOTAL,189000000.00
2010,MAY,STATE,5,7,TOTAL,249000000.00
2010,MAY,STATE,6,7,TOTAL,440000000.00
2010,MAY,STATE,8,7,TOTAL,89000000.00
2010,MAY,STATE,9,7,TOTAL,61000000.00
2010,MAY,STATE,12,7,TOTAL,202000000.00
2010,MAY,STATE,13,7,TOTAL,372000000.00
2010,MAY,STATE,15,7,TOTAL,6000000.00
2010,MAY,STATE,17,7,TOTAL,105000000.00
2010,MAY,STATE,18,7,TOTAL,555000000.00
2010,MAY,STATE,19,7,TOTAL,1291000000.00
2010,MAY,STATE,23,7,TOTAL,89000000.00
2010,MAY,STATE,24,7,TOTAL,52000000.00
2010,MAY,STATE,26,7,TOTAL,255000000.00
2010,MAY,STATE,27,7,TOTAL,239000000.00
2010,MAY,STATE,28,7,TOTAL,126000000.00
2010,MAY,STATE,29,7,TOTAL,175000000.00
2010,MAY,STATE,31,7,TOTAL,234000000.00
2010,MAY,STATE,36,7,TOTAL,96000000.00
2010,MAY,STATE,37,7,TOTAL,274000000.00
2010,MAY,STATE,39,7,TOTAL,628000000.00
2010,MAY,STATE,41,7,TOTAL,62000000.00
2010,MAY,STATE,,7,TOTAL,440000000.00
2010,MAY,STATE,42,7,TOTAL,590000000.00
2010,MAY,STATE,45,7,TOTAL,89000000.00
2010,MAY,STATE,46,7,TOTAL,54000000.00
2010,MAY,STATE,48,7,TOTAL,403000000.00
2010,MAY,STATE,49,7,TOTAL,78000000.00
2010,MAY,STATE,51,7,TOTAL,62000000.00
2010,MAY,STATE,53,7,TOTAL,145000000.00
2010,MAY,STATE,55,7,TOTAL,113000000.00
2010,NOV,STATE,1,7,TOTAL,180000000.00
2010,NOV,STATE,5,7,TOTAL,246000000.00
2010,NOV,STATE,6,7,TOTAL,437000000.00
2010,NOV,STATE,8,7,TOTAL,86000000.00
2010,NOV,STATE,9,7,TOTAL,53000000.00
2010,NOV,STATE,12,7,TOTAL,222000000.00
2010,NOV,STATE,13,7,TOTAL,379000000.00
2010,NOV,STATE,15,7,TOTAL,6000000.00
2010,NOV,STATE,17,7,TOTAL,103000000.00
2010,NOV,STATE,18,7,TOTAL,526000000.00
2010,NOV,STATE,19,7,TOTAL,1171000000.00
2010,NOV,STATE,23,7,TOTAL,84000000.00
2010,NOV,STATE,24,7,TOTAL,48000000.00
2010,NOV,STATE,26,7,TOTAL,258000000.00
2010,NOV,STATE,27,7,TOTAL,244000000.00
2010,NOV,STATE,28,7,TOTAL,119000000.00
2010,NOV,STATE,29,7,TOTAL,168000000.00
2010,NOV,STATE,31,7,TOTAL,228000000.00
2010,NOV,STATE,36,7,TOTAL,103000000.00
2010,NOV,STATE,37,7,TOTAL,268000000.00
2010,NOV,STATE,39,7,TOTAL,643000000.00
2010,NOV,STATE,41,7,TOTAL,57000000.00
2010,NOV,STATE,,7,TOTAL,422000000.00
2010,NOV,STATE,42,7,TOTAL,594000000.00
2010,NOV,STATE,45,7,TOTAL,95000000.00
2010,NOV,STATE,46,7,TOTAL,56000000.00
2010,NOV,STATE,48,7,TOTAL,418000000.00
2010,NOV,STATE,49,7,TOTAL,80000000.00
2010,NOV,STATE,51,7,TOTAL,61000000.00
2010,NOV,STATE,53,7,TOTAL,137000000.00
2010,NOV,STATE,55,7,TOTAL,109000000.00
2010,OCT,STATE,1,7,TOTAL,185000000.00
2010,OCT,STATE,5,7,TOTAL,250000000.00
2010,OCT,STATE,6,7,TOTAL,453000000.00
2010,OCT,STATE,8,7,TOTAL,91000000.00
2010,OCT,STATE,9,7,TOTAL,55000000.00
2010,OCT,STATE,12,7,TOTAL,217000000.00
2010,OCT,STATE,13,7,TOTAL,382000000.00
2010,OCT,STATE,15,7,TOTAL,6000000.00
2010,OCT,STATE,17,7,TOTAL,107000000.00
2010,OCT,STATE,18,7,TOTAL,534000000.00
2010,OCT,STATE,19,7,TOTAL,1212000000.00
2010,OCT,STATE,23,7,TOTAL,87000000.00
2010,OCT,STATE,24,7,TOTAL,46000000.00
2010,OCT,STATE,26,7,TOTAL,263000000.00
2010,OCT,STATE,27,7,TOTAL,251000000.00
2010,OCT,STATE,28,7,TOTAL,121000000.00
2010,OCT,STATE,29,7,TOTAL,170000000.00
2010,OCT,STATE,31,7,TOTAL,238000000.00
2010,OCT,STATE,36,7,TOTAL,100000000.00
2010,OCT,STATE,37,7,TOTAL,269000000.00
2010,OCT,STATE,39,7,TOTAL,650000000.00
2010,OCT,STATE,41,7,TOTAL,58000000.00
2010,OCT,STATE,,7,TOTAL,434000000.00
2010,OCT,STATE,42,7,TOTAL,588000000.00
2010,OCT,STATE,45,7,TOTAL,97000000.00
2010,OCT,STATE,46,7,TOTAL,55000000.00
2010,OCT,STATE,48,7,TOTAL,417000000.00
2010,OCT,STATE,49,7,TOTAL,80000000.00
2010,OCT,STATE,51,7,TOTAL,64000000.00
2010,OCT,STATE,53,7,TOTAL,139000000.00
2010,OCT,STATE,55,7,TOTAL,108000000.00
2010,SEP,STATE,1,7,TOTAL,182000000.00
2010,SEP,STATE,5,7,TOTAL,241000000.00
2010,SEP,STATE,6,7,TOTAL,442000000.00
2010,SEP,STATE,8,7,TOTAL,90000000.00
2010,SEP,STATE,9,7,TOTAL,57000000.00
2010,SEP,STATE,12,7,TOTAL,214000000.00
2010,SEP,STATE,13,7,TOTAL,362000000.00
2010,SEP,STATE,15,7,TOTAL,6000000.00
2010,SEP,STATE,17,7,TOTAL,107000000.00
2010,SEP,STATE,18,7,TOTAL,529000000.00
2010,SEP,STATE,19,7,TOTAL,1215000000.00
2010,SEP,STATE,23,7,TOTAL,86000000.00
2010,SEP,STATE,24,7,TOTAL,50000000.00
2010,SEP,STATE,26,7,TOTAL,255000000.00
2010,SEP,STATE,27,7,TOTAL,237000000.00
2010,SEP,STATE,28,7,TOTAL,119000000.00
2010,SEP,STATE,29,7,TOTAL,165000000.00
2010,SEP,STATE,31,7,TOTAL,230000000.00
2010,SEP,STATE,36,7,TOTAL,94000000.00
2010,SEP,STATE,37,7,TOTAL,259000000.00
2010,SEP,STATE,39,7,TOTAL,626000000.00
2010,SEP,STATE,41,7,TOTAL,58000000.00
2010,SEP,STATE,,7,TOTAL,422000000.00
2010,SEP,STATE,42,7,TOTAL,564000000.00
2010,SEP,STATE,45,7,TOTAL,93000000.00
2010,SEP,STATE,46,7,TOTAL,54000000.00
2010,SEP,STATE,48,7,TOTAL,392000000.00
2010,SEP,STATE,49,7,TOTAL,79000000.00
2010,SEP,STATE,51,7,TOTAL,64000000.00
2010,SEP,STATE,53,7,TOTAL,143000000.00
2010,SEP,STATE,55,7,TOTAL,106000000.00
2009,APR,STATE,1,7,TOTAL,179000000.00
2009,APR,STATE,5,7,TOTAL,250000000.00
2009,APR,STATE,6,7,TOTAL,433000000.00
2009,APR,STATE,8,7,TOTAL,93000000.00
2009,APR,STATE,9,7,TOTAL,67000000.00
2009,APR,STATE,12,7,TOTAL,222000000.00
2009,APR,STATE,13,7,TOTAL,370000000.00
2009,APR,STATE,15,7,TOTAL,6000000.00
2009,APR,STATE,17,7,TOTAL,107000000.00
2009,APR,STATE,18,7,TOTAL,545000000.00
2009,APR,STATE,19,7,TOTAL,1186000000.00
2009,APR,STATE,23,7,TOTAL,73000000.00
2009,APR,STATE,24,7,TOTAL,45000000.00
2009,APR,STATE,26,7,TOTAL,232000000.00
2009,APR,STATE,27,7,TOTAL,230000000.00
2009,APR,STATE,28,7,TOTAL,120000000.00
2009,APR,STATE,29,7,TOTAL,170000000.00
2009,APR,STATE,31,7,TOTAL,227000000.00
2009,APR,STATE,36,7,TOTAL,100000000.00
2009,APR,STATE,37,7,TOTAL,261000000.00
2009,APR,STATE,39,7,TOTAL,608000000.00
2009,APR,STATE,41,7,TOTAL,62000000.00
2009,APR,STATE,,7,TOTAL,493000000.00
2009,APR,STATE,42,7,TOTAL,545000000.00
2009,APR,STATE,45,7,TOTAL,89000000.00
2009,APR,STATE,46,7,TOTAL,54000000.00
2009,APR,STATE,48,7,TOTAL,420000000.00
2009,APR,STATE,51,7,TOTAL,58000000.00
2009,APR,STATE,53,7,TOTAL,141000000.00
2009,APR,STATE,55,7,TOTAL,115000000.00
2009,AUG,STATE,1,7,TOTAL,180000000.00
2009,AUG,STATE,5,7,TOTAL,253000000.00
2009,AUG,STATE,6,7,TOTAL,456000000.00
2009,AUG,STATE,8,7,TOTAL,92000000.00
2009,AUG,STATE,9,7,TOTAL,66000000.00
2009,AUG,STATE,12,7,TOTAL,220000000.00
2009,AUG,STATE,13,7,TOTAL,371000000.00
2009,AUG,STATE,15,7,TOTAL,6000000.00
2009,AUG,STATE,17,7,TOTAL,100000000.00
2009,AUG,STATE,18,7,TOTAL,527000000.00
2009,AUG,STATE,19,7,TOTAL,1230000000.00
2009,AUG,STATE,23,7,TOTAL,77000000.00
2009,AUG,STATE,24,7,TOTAL,47000000.00
2009,AUG,STATE,26,7,TOTAL,256000000.00
2009,AUG,STATE,27,7,TOTAL,234000000.00
2009,AUG,STATE,28,7,TOTAL,116000000.00
2009,AUG,STATE,29,7,TOTAL,174000000.00
2009,AUG,STATE,31,7,TOTAL,236000000.00
2009,AUG,STATE,36,7,TOTAL,100000000.00
2009,AUG,STATE,37,7,TOTAL,263000000.00
2009,AUG,STATE,39,7,TOTAL,613000000.00
2009,AUG,STATE,41,7,TOTAL,62000000.00
2009,AUG,STATE,,7,TOTAL,512000000.00
2009,AUG,STATE,42,7,TOTAL,555000000.00
2009,AUG,STATE,45,7,TOTAL,96000000.00
2009,AUG,STATE,46,7,TOTAL,62000000.00
2009,AUG,STATE,48,7,TOTAL,412000000.00
2009,AUG,STATE,51,7,TOTAL,61000000.00
2009,AUG,STATE,53,7,TOTAL,141000000.00
2009,AUG,STATE,55,7,TOTAL,112000000.00
2009,DEC,STATE,1,7,TOTAL,183000000.00
2009,DEC,STATE,5,7,TOTAL,254000000.00
2009,DEC,STATE,6,7,TOTAL,454000000.00
2009,DEC,STATE,8,7,TOTAL,93000000.00
2009,DEC,STATE,9,7,TOTAL,61000000.00
2009,DEC,STATE,12,7,TOTAL,243000000.00
2009,DEC,STATE,13,7,TOTAL,393000000.00
2009,DEC,STATE,15,7,TOTAL,5000000.00
2009,DEC,STATE,17,7,TOTAL,113000000.00
2009,DEC,STATE,18,7,TOTAL,556000000.00
2009,DEC,STATE,19,7,TOTAL,1256000000.00
2009,DEC,STATE,23,7,TOTAL,86000000.00
2009,DEC,STATE,24,7,TOTAL,52000000.00
2009,DEC,STATE,26,7,TOTAL,258000000.00
2009,DEC,STATE,27,7,TOTAL,244000000.00
2009,DEC,STATE,28,7,TOTAL,124000000.00
2009,DEC,STATE,29,7,TOTAL,170000000.00
2009,DEC,STATE,31,7,TOTAL,232000000.00
2009,DEC,STATE,36,7,TOTAL,98000000.00
2009,DEC,STATE,37,7,TOTAL,282000000.00
2009,DEC,STATE,39,7,TOTAL,650000000.00
2009,DEC,STATE,41,7,TOTAL,60000000.00
2009,DEC,STATE,,7,TOTAL,447000000.00
2009,DEC,STATE,42,7,TOTAL,587000000.00
2009,DEC,STATE,45,7,TOTAL,97000000.00
2009,DEC,STATE,46,7,TOTAL,61000000.00
2009,DEC,STATE,48,7,TOTAL,419000000.00
2009,DEC,STATE,49,7,TOTAL,79000000.00
2009,DEC,STATE,51,7,TOTAL,62000000.00
2009,DEC,STATE,53,7,TOTAL,149000000.00
2009,DEC,STATE,55,7,TOTAL,120000000.00
2009,FEB,STATE,1,7,TOTAL,163000000.00
2009,FEB,STATE,5,7,TOTAL,232000000.00
2009,FEB,STATE,6,7,TOTAL,400000000.00
2009,FEB,STATE,8,7,TOTAL,89000000.00
2009,FEB,STATE,9,7,TOTAL,57000000.00
2009,FEB,STATE,12,7,TOTAL,195000000.00
2009,FEB,STATE,13,7,TOTAL,347000000.00
2009,FEB,STATE,15,7,TOTAL,5000000.00
2009,FEB,STATE,17,7,TOTAL,94000000.00
2009,FEB,STATE,18,7,TOTAL,495000000.00
2009,FEB,STATE,19,7,TOTAL,1103000000.00
2009,FEB,STATE,23,7,TOTAL,70000000.00
2009,FEB,STATE,24,7,TOTAL,42000000.00
2009,FEB,STATE,26,7,TOTAL,223000000.00
2009,FEB,STATE,27,7,TOTAL,215000000.00
2009,FEB,STATE,28,7,TOTAL,112000000.00
2009,FEB,STATE,29,7,TOTAL,157000000.00
2009,FEB,STATE,31,7,TOTAL,209000000.00
2009,FEB,STATE,36,7,TOTAL,91000000.00
2009,FEB,STATE,37,7,TOTAL,243000000.00
2009,FEB,STATE,39,7,TOTAL,551000000.00
2009,FEB,STATE,41,7,TOTAL,58000000.00
2009,FEB,STATE,,7,TOTAL,462000000.00
2009,FEB,STATE,42,7,TOTAL,498000000.00
2009,FEB,STATE,45,7,TOTAL,87000000.00
2009,FEB,STATE,46,7,TOTAL,55000000.00
2009,FEB,STATE,48,7,TOTAL,393000000.00
2009,FEB,STATE,51,7,TOTAL,53000000.00
2009,FEB,STATE,53,7,TOTAL,129000000.00
2009,FEB,STATE,55,7,TOTAL,100000000.00
2009,JAN,STATE,1,7,TOTAL,181000000.00
2009,JAN,STATE,5,7,TOTAL,263000000.00
2009,JAN,STATE,6,7,TOTAL,447000000.00
2009,JAN,STATE,8,7,TOTAL,99000000.00
2009,JAN,STATE,9,7,TOTAL,64000000.00
2009,JAN,STATE,12,7,TOTAL,230000000.00
2009,JAN,STATE,13,7,TOTAL,384000000.00
2009,JAN,STATE,15,7,TOTAL,6000000.00
2009,JAN,STATE,17,7,TOTAL,106000000.00
2009,JAN,STATE,18,7,TOTAL,552000000.00
2009,JAN,STATE,19,7,TOTAL,1223000000.00
2009,JAN,STATE,23,7,TOTAL,77000000.00
2009,JAN,STATE,24,7,TOTAL,46000000.00
2009,JAN,STATE,26,7,TOTAL,246000000.00
2009,JAN,STATE,27,7,TOTAL,234000000.00
2009,JAN,STATE,28,7,TOTAL,121000000.00
2009,JAN,STATE,29,7,TOTAL,173000000.00
2009,JAN,STATE,31,7,TOTAL,233000000.00
2009,JAN,STATE,36,7,TOTAL,100000000.00
2009,JAN,STATE,37,7,TOTAL,264000000.00
2009,JAN,STATE,39,7,TOTAL,633000000.00
2009,JAN,STATE,41,7,TOTAL,65000000.00
2009,JAN,STATE,,7,TOTAL,511000000.00
2009,JAN,STATE,42,7,TOTAL,543000000.00
2009,JAN,STATE,45,7,TOTAL,96000000.00
2009,JAN,STATE,46,7,TOTAL,59000000.00
2009,JAN,STATE,48,7,TOTAL,432000000.00
2009,JAN,STATE,51,7,TOTAL,61000000.00
2009,JAN,STATE,53,7,TOTAL,145000000.00
2009,JAN,STATE,55,7,TOTAL,110000000.00
2009,JUL,STATE,1,7,TOTAL,177000000.00
2009,JUL,STATE,5,7,TOTAL,249000000.00
2009,JUL,STATE,6,7,TOTAL,450000000.00
2009,JUL,STATE,8,7,TOTAL,89000000.00
2009,JUL,STATE,9,7,TOTAL,67000000.00
2009,JUL,STATE,12,7,TOTAL,216000000.00
2009,JUL,STATE,13,7,TOTAL,369000000.00
2009,JUL,STATE,15,7,TOTAL,6000000.00
2009,JUL,STATE,17,7,TOTAL,107000000.00
2009,JUL,STATE,18,7,TOTAL,532000000.00
2009,JUL,STATE,19,7,TOTAL,1226000000.00
2009,JUL,STATE,23,7,TOTAL,75000000.00
2009,JUL,STATE,24,7,TOTAL,46000000.00
2009,JUL,STATE,26,7,TOTAL,245000000.00
2009,JUL,STATE,27,7,TOTAL,229000000.00
2009,JUL,STATE,28,7,TOTAL,124000000.00
2009,JUL,STATE,29,7,TOTAL,178000000.00
2009,JUL,STATE,31,7,TOTAL,236000000.00
2009,JUL,STATE,36,7,TOTAL,102000000.00
2009,JUL,STATE,37,7,TOTAL,265000000.00
2009,JUL,STATE,39,7,TOTAL,616000000.00
2009,JUL,STATE,41,7,TOTAL,61000000.00
2009,JUL,STATE,,7,TOTAL,510000000.00
2009,JUL,STATE,42,7,TOTAL,559000000.00
2009,JUL,STATE,45,7,TOTAL,93000000.00
2009,JUL,STATE,46,7,TOTAL,59000000.00
2009,JUL,STATE,48,7,TOTAL,416000000.00
2009,JUL,STATE,51,7,TOTAL,62000000.00
2009,JUL,STATE,53,7,TOTAL,139000000.00
2009,JUL,STATE,55,7,TOTAL,114000000.00
2009,JUN,STATE,1,7,TOTAL,173000000.00
2009,JUN,STATE,5,7,TOTAL,243000000.00
2009,JUN,STATE,6,7,TOTAL,434000000.00
2009,JUN,STATE,8,7,TOTAL,89000000.00
2009,JUN,STATE,9,7,TOTAL,64000000.00
2009,JUN,STATE,12,7,TOTAL,210000000.00
2009,JUN,STATE,13,7,TOTAL,356000000.00
2009,JUN,STATE,15,7,TOTAL,6000000.00
2009,JUN,STATE,17,7,TOTAL,103000000.00
2009,JUN,STATE,18,7,TOTAL,531000000.00
2009,JUN,STATE,19,7,TOTAL,1186000000.00
2009,JUN,STATE,23,7,TOTAL,71000000.00
2009,JUN,STATE,24,7,TOTAL,45000000.00
2009,JUN,STATE,26,7,TOTAL,234000000.00
2009,JUN,STATE,27,7,TOTAL,222000000.00
2009,JUN,STATE,28,7,TOTAL,125000000.00
2009,JUN,STATE,29,7,TOTAL,171000000.00
2009,JUN,STATE,31,7,TOTAL,227000000.00
2009,JUN,STATE,36,7,TOTAL,97000000.00
2009,JUN,STATE,37,7,TOTAL,263000000.00
2009,JUN,STATE,39,7,TOTAL,602000000.00
2009,JUN,STATE,41,7,TOTAL,58000000.00
2009,JUN,STATE,,7,TOTAL,491000000.00
2009,JUN,STATE,42,7,TOTAL,535000000.00
2009,JUN,STATE,45,7,TOTAL,90000000.00
2009,JUN,STATE,46,7,TOTAL,55000000.00
2009,JUN,STATE,48,7,TOTAL,398000000.00
2009,JUN,STATE,51,7,TOTAL,58000000.00
2009,JUN,STATE,53,7,TOTAL,141000000.00
2009,JUN,STATE,55,7,TOTAL,108000000.00
2009,MAR,STATE,1,7,TOTAL,184000000.00
2009,MAR,STATE,5,7,TOTAL,259000000.00
2009,MAR,STATE,6,7,TOTAL,449000000.00
2009,MAR,STATE,8,7,TOTAL,98000000.00
2009,MAR,STATE,9,7,TOTAL,66000000.00
2009,MAR,STATE,12,7,TOTAL,222000000.00
2009,MAR,STATE,13,7,TOTAL,390000000.00
2009,MAR,STATE,15,7,TOTAL,6000000.00
2009,MAR,STATE,17,7,TOTAL,105000000.00
2009,MAR,STATE,18,7,TOTAL,562000000.00
2009,MAR,STATE,19,7,TOTAL,1224000000.00
2009,MAR,STATE,23,7,TOTAL,77000000.00
2009,MAR,STATE,24,7,TOTAL,50000000.00
2009,MAR,STATE,26,7,TOTAL,248000000.00
2009,MAR,STATE,27,7,TOTAL,243000000.00
2009,MAR,STATE,28,7,TOTAL,126000000.00
2009,MAR,STATE,29,7,TOTAL,176000000.00
2009,MAR,STATE,31,7,TOTAL,230000000.00
2009,MAR,STATE,36,7,TOTAL,103000000.00
2009,MAR,STATE,37,7,TOTAL,266000000.00
2009,MAR,STATE,39,7,TOTAL,630000000.00
2009,MAR,STATE,41,7,TOTAL,64000000.00
2009,MAR,STATE,,7,TOTAL,514000000.00
2009,MAR,STATE,42,7,TOTAL,560000000.00
2009,MAR,STATE,45,7,TOTAL,94000000.00
2009,MAR,STATE,46,7,TOTAL,60000000.00
2009,MAR,STATE,48,7,TOTAL,438000000.00
2009,MAR,STATE,51,7,TOTAL,60000000.00
2009,MAR,STATE,53,7,TOTAL,145000000.00
2009,MAR,STATE,55,7,TOTAL,116000000.00
2009,MARKETING YEAR,STATE,1,7,TOTAL,2145000000.00
2009,MARKETING YEAR,STATE,5,7,TOTAL,2998000000.00
2009,MARKETING YEAR,STATE,6,7,TOTAL,5304000000.00
2009,MARKETING YEAR,STATE,8,7,TOTAL,1110000000.00
2009,MARKETING YEAR,STATE,9,7,TOTAL,767000000.00
2009,MARKETING YEAR,STATE,12,7,TOTAL,2670000000.00
2009,MARKETING YEAR,STATE,13,7,TOTAL,4463000000.00
2009,MARKETING YEAR,STATE,15,7,TOTAL,69500000.00
2009,MARKETING YEAR,STATE,17,7,TOTAL,1253000000.00
2009,MARKETING YEAR,STATE,18,7,TOTAL,6460000000.00
2009,MARKETING YEAR,STATE,19,7,TOTAL,14475000000.00
2009,MARKETING YEAR,STATE,21,7,TOTAL,1130000000.00
2009,MARKETING YEAR,STATE,22,7,TOTAL,455000000.00
2009,MARKETING YEAR,STATE,23,7,TOTAL,916000000.00
2009,MARKETING YEAR,STATE,24,7,TOTAL,554000000.00
2009,MARKETING YEAR,STATE,25,7,TOTAL,36000000.00
2009,MARKETING YEAR,STATE,26,7,TOTAL,2909000000.00
2009,MARKETING YEAR,STATE,27,7,TOTAL,2777000000.00
2009,MARKETING YEAR,STATE,28,7,TOTAL,1440000000.00
2009,MARKETING YEAR,STATE,29,7,TOTAL,2038000000.00
2009,MARKETING YEAR,STATE,30,7,TOTAL,107000000.00
2009,MARKETING YEAR,STATE,31,7,TOTAL,2749000000.00
2009,MARKETING YEAR,STATE,36,7,TOTAL,1192000000.00
2009,MARKETING YEAR,STATE,37,7,TOTAL,3148000000.00
2009,MARKETING YEAR,STATE,39,7,TOTAL,7426000000.00
2009,MARKETING YEAR,STATE,40,7,TOTAL,769000000.00
2009,MARKETING YEAR,STATE,41,7,TOTAL,740000000.00
2009,MARKETING YEAR,STATE,,7,TOTAL,1970000000.00
2009,MARKETING YEAR,STATE,42,7,TOTAL,6543000000.00
2009,MARKETING YEAR,STATE,45,7,TOTAL,1128000000.00
2009,MARKETING YEAR,STATE,46,7,TOTAL,696000000.00
2009,MARKETING YEAR,STATE,47,7,TOTAL,323000000.00
2009,MARKETING YEAR,STATE,48,7,TOTAL,4985000000.00
2009,MARKETING YEAR,STATE,49,7,TOTAL,925000000.00
2009,MARKETING YEAR,STATE,50,7,TOTAL,57000000.00
2009,MARKETING YEAR,STATE,51,7,TOTAL,721000000.00
2009,MARKETING YEAR,STATE,53,7,TOTAL,1705000000.00
2009,MARKETING YEAR,STATE,54,7,TOTAL,232000000.00
2009,MARKETING YEAR,STATE,55,7,TOTAL,1350000000.00
2009,MARKETING YEAR,STATE,56,7,TOTAL,2400000.00
2009,MAY,STATE,1,7,TOTAL,183000000.00
2009,MAY,STATE,5,7,TOTAL,252000000.00
2009,MAY,STATE,6,7,TOTAL,445000000.00
2009,MAY,STATE,8,7,TOTAL,96000000.00
2009,MAY,STATE,9,7,TOTAL,67000000.00
2009,MAY,STATE,12,7,TOTAL,222000000.00
2009,MAY,STATE,13,7,TOTAL,369000000.00
2009,MAY,STATE,15,7,TOTAL,6000000.00
2009,MAY,STATE,17,7,TOTAL,109000000.00
2009,MAY,STATE,18,7,TOTAL,551000000.00
2009,MAY,STATE,19,7,TOTAL,1221000000.00
2009,MAY,STATE,23,7,TOTAL,74000000.00
2009,MAY,STATE,24,7,TOTAL,44000000.00
2009,MAY,STATE,26,7,TOTAL,239000000.00
2009,MAY,STATE,27,7,TOTAL,231000000.00
2009,MAY,STATE,28,7,TOTAL,125000000.00
2009,MAY,STATE,29,7,TOTAL,176000000.00
2009,MAY,STATE,31,7,TOTAL,236000000.00
2009,MAY,STATE,36,7,TOTAL,102000000.00
2009,MAY,STATE,37,7,TOTAL,275000000.00
2009,MAY,STATE,39,7,TOTAL,616000000.00
2009,MAY,STATE,41,7,TOTAL,62000000.00
2009,MAY,STATE,,7,TOTAL,509000000.00
2009,MAY,STATE,42,7,TOTAL,547000000.00
2009,MAY,STATE,45,7,TOTAL,91000000.00
2009,MAY,STATE,46,7,TOTAL,55000000.00
2009,MAY,STATE,48,7,TOTAL,417000000.00
2009,MAY,STATE,51,7,TOTAL,58000000.00
2009,MAY,STATE,53,7,TOTAL,148000000.00
2009,MAY,STATE,55,7,TOTAL,112000000.00
2009,NOV,STATE,1,7,TOTAL,177000000.00
2009,NOV,STATE,5,7,TOTAL,244000000.00
2009,NOV,STATE,6,7,TOTAL,447000000.00
2009,NOV,STATE,8,7,TOTAL,91000000.00
2009,NOV,STATE,9,7,TOTAL,58000000.00
2009,NOV,STATE,12,7,TOTAL,238000000.00
2009,NOV,STATE,13,7,TOTAL,378000000.00
2009,NOV,STATE,15,7,TOTAL,6000000.00
2009,NOV,STATE,17,7,TOTAL,107000000.00
2009,NOV,STATE,18,7,TOTAL,539000000.00
2009,NOV,STATE,19,7,TOTAL,1211000000.00
2009,NOV,STATE,23,7,TOTAL,82000000.00
2009,NOV,STATE,24,7,TOTAL,49000000.00
2009,NOV,STATE,26,7,TOTAL,246000000.00
2009,NOV,STATE,27,7,TOTAL,235000000.00
2009,NOV,STATE,28,7,TOTAL,118000000.00
2009,NOV,STATE,29,7,TOTAL,165000000.00
2009,NOV,STATE,31,7,TOTAL,223000000.00
2009,NOV,STATE,36,7,TOTAL,98000000.00
2009,NOV,STATE,37,7,TOTAL,269000000.00
2009,NOV,STATE,39,7,TOTAL,630000000.00
2009,NOV,STATE,41,7,TOTAL,60000000.00
2009,NOV,STATE,,7,TOTAL,502000000.00
2009,NOV,STATE,42,7,TOTAL,558000000.00
2009,NOV,STATE,45,7,TOTAL,97000000.00
2009,NOV,STATE,46,7,TOTAL,58000000.00
2009,NOV,STATE,48,7,TOTAL,404000000.00
2009,NOV,STATE,51,7,TOTAL,62000000.00
2009,NOV,STATE,53,7,TOTAL,147000000.00
2009,NOV,STATE,55,7,TOTAL,119000000.00
2009,OCT,STATE,1,7,TOTAL,185000000.00
2009,OCT,STATE,5,7,TOTAL,249000000.00
2009,OCT,STATE,6,7,TOTAL,448000000.00
2009,OCT,STATE,8,7,TOTAL,90000000.00
2009,OCT,STATE,9,7,TOTAL,62000000.00
2009,OCT,STATE,12,7,TOTAL,235000000.00
2009,OCT,STATE,13,7,TOTAL,376000000.00
2009,OCT,STATE,15,7,TOTAL,6000000.00
2009,OCT,STATE,17,7,TOTAL,105000000.00
2009,OCT,STATE,18,7,TOTAL,546000000.00
2009,OCT,STATE,19,7,TOTAL,1242000000.00
2009,OCT,STATE,23,7,TOTAL,83000000.00
2009,OCT,STATE,24,7,TOTAL,46000000.00
2009,OCT,STATE,26,7,TOTAL,249000000.00
2009,OCT,STATE,27,7,TOTAL,238000000.00
2009,OCT,STATE,28,7,TOTAL,117000000.00
2009,OCT,STATE,29,7,TOTAL,169000000.00
2009,OCT,STATE,31,7,TOTAL,233000000.00
2009,OCT,STATE,36,7,TOTAL,101000000.00
2009,OCT,STATE,37,7,TOTAL,263000000.00
2009,OCT,STATE,39,7,TOTAL,655000000.00
2009,OCT,STATE,41,7,TOTAL,63000000.00
2009,OCT,STATE,,7,TOTAL,497000000.00
2009,OCT,STATE,42,7,TOTAL,566000000.00
2009,OCT,STATE,45,7,TOTAL,101000000.00
2009,OCT,STATE,46,7,TOTAL,60000000.00
2009,OCT,STATE,48,7,TOTAL,417000000.00
2009,OCT,STATE,51,7,TOTAL,65000000.00
2009,OCT,STATE,53,7,TOTAL,148000000.00
2009,OCT,STATE,55,7,TOTAL,121000000.00
2009,SEP,STATE,1,7,TOTAL,179000000.00
2009,SEP,STATE,5,7,TOTAL,243000000.00
2009,SEP,STATE,6,7,TOTAL,437000000.00
2009,SEP,STATE,8,7,TOTAL,86000000.00
2009,SEP,STATE,9,7,TOTAL,63000000.00
2009,SEP,STATE,12,7,TOTAL,219000000.00
2009,SEP,STATE,13,7,TOTAL,362000000.00
2009,SEP,STATE,15,7,TOTAL,6000000.00
2009,SEP,STATE,17,7,TOTAL,97000000.00
2009,SEP,STATE,18,7,TOTAL,520000000.00
2009,SEP,STATE,19,7,TOTAL,1194000000.00
2009,SEP,STATE,23,7,TOTAL,77000000.00
2009,SEP,STATE,24,7,TOTAL,43000000.00
2009,SEP,STATE,26,7,TOTAL,245000000.00
2009,SEP,STATE,27,7,TOTAL,231000000.00
2009,SEP,STATE,28,7,TOTAL,111000000.00
2009,SEP,STATE,29,7,TOTAL,162000000.00
2009,SEP,STATE,31,7,TOTAL,225000000.00
2009,SEP,STATE,36,7,TOTAL,95000000.00
2009,SEP,STATE,37,7,TOTAL,252000000.00
2009,SEP,STATE,39,7,TOTAL,618000000.00
2009,SEP,STATE,41,7,TOTAL,60000000.00
2009,SEP,STATE,,7,TOTAL,485000000.00
2009,SEP,STATE,42,7,TOTAL,542000000.00
2009,SEP,STATE,45,7,TOTAL,97000000.00
2009,SEP,STATE,46,7,TOTAL,60000000.00
2009,SEP,STATE,48,7,TOTAL,397000000.00
2009,SEP,STATE,51,7,TOTAL,60000000.00
2009,SEP,STATE,53,7,TOTAL,138000000.00
2009,SEP,STATE,55,7,TOTAL,110000000.00
2008,APR,STATE,1,7,TOTAL,176000000.00
2008,APR,STATE,5,7,TOTAL,263000000.00
2008,APR,STATE,6,7,TOTAL,425000000.00
2008,APR,STATE,8,7,TOTAL,91000000.00
2008,APR,STATE,9,7,TOTAL,67000000.00
2008,APR,STATE,12,7,TOTAL,221000000.00
2008,APR,STATE,13,7,TOTAL,375000000.00
2008,APR,STATE,15,7,TOTAL,6000000.00
2008,APR,STATE,17,7,TOTAL,105000000.00
2008,APR,STATE,18,7,TOTAL,540000000.00
2008,APR,STATE,19,7,TOTAL,1180000000.00
2008,APR,STATE,23,7,TOTAL,91000000.00
2008,APR,STATE,24,7,TOTAL,56000000.00
2008,APR,STATE,26,7,TOTAL,221000000.00
2008,APR,STATE,27,7,TOTAL,225000000.00
2008,APR,STATE,28,7,TOTAL,120000000.00
2008,APR,STATE,29,7,TOTAL,167000000.00
2008,APR,STATE,31,7,TOTAL,227000000.00
2008,APR,STATE,36,7,TOTAL,95000000.00
2008,APR,STATE,37,7,TOTAL,256000000.00
2008,APR,STATE,39,7,TOTAL,588000000.00
2008,APR,STATE,41,7,TOTAL,62000000.00
2008,APR,STATE,,7,TOTAL,492000000.00
2008,APR,STATE,42,7,TOTAL,498000000.00
2008,APR,STATE,45,7,TOTAL,97000000.00
2008,APR,STATE,46,7,TOTAL,55000000.00
2008,APR,STATE,48,7,TOTAL,396000000.00
2008,APR,STATE,51,7,TOTAL,61000000.00
2008,APR,STATE,53,7,TOTAL,129000000.00
2008,APR,STATE,55,7,TOTAL,92000000.00
2008,AUG,STATE,1,7,TOTAL,180000000.00
2008,AUG,STATE,5,7,TOTAL,270000000.00
2008,AUG,STATE,6,7,TOTAL,456000000.00
2008,AUG,STATE,8,7,TOTAL,95000000.00
2008,AUG,STATE,9,7,TOTAL,66000000.00
2008,AUG,STATE,12,7,TOTAL,218000000.00
2008,AUG,STATE,13,7,TOTAL,372000000.00
2008,AUG,STATE,15,7,TOTAL,6000000.00
2008,AUG,STATE,17,7,TOTAL,108000000.00
2008,AUG,STATE,18,7,TOTAL,540000000.00
2008,AUG,STATE,19,7,TOTAL,1209000000.00
2008,AUG,STATE,23,7,TOTAL,81000000.00
2008,AUG,STATE,24,7,TOTAL,62000000.00
2008,AUG,STATE,26,7,TOTAL,235000000.00
2008,AUG,STATE,27,7,TOTAL,227000000.00
2008,AUG,STATE,28,7,TOTAL,128000000.00
2008,AUG,STATE,29,7,TOTAL,160000000.00
2008,AUG,STATE,31,7,TOTAL,235000000.00
2008,AUG,STATE,36,7,TOTAL,99000000.00
2008,AUG,STATE,37,7,TOTAL,258000000.00
2008,AUG,STATE,39,7,TOTAL,601000000.00
2008,AUG,STATE,41,7,TOTAL,67000000.00
2008,AUG,STATE,,7,TOTAL,516000000.00
2008,AUG,STATE,42,7,TOTAL,520000000.00
2008,AUG,STATE,45,7,TOTAL,97000000.00
2008,AUG,STATE,46,7,TOTAL,57000000.00
2008,AUG,STATE,48,7,TOTAL,404000000.00
2008,AUG,STATE,51,7,TOTAL,62000000.00
2008,AUG,STATE,53,7,TOTAL,126000000.00
2008,AUG,STATE,55,7,TOTAL,103000000.00
2008,DEC,STATE,1,7,TOTAL,184000000.00
2008,DEC,STATE,5,7,TOTAL,261000000.00
2008,DEC,STATE,6,7,TOTAL,458000000.00
2008,DEC,STATE,8,7,TOTAL,98000000.00
2008,DEC,STATE,9,7,TOTAL,66000000.00
2008,DEC,STATE,12,7,TOTAL,241000000.00
2008,DEC,STATE,13,7,TOTAL,391000000.00
2008,DEC,STATE,15,7,TOTAL,6000000.00
2008,DEC,STATE,17,7,TOTAL,113000000.00
2008,DEC,STATE,18,7,TOTAL,560000000.00
2008,DEC,STATE,19,7,TOTAL,1229000000.00
2008,DEC,STATE,23,7,TOTAL,80000000.00
2008,DEC,STATE,24,7,TOTAL,51000000.00
2008,DEC,STATE,26,7,TOTAL,246000000.00
2008,DEC,STATE,27,7,TOTAL,235000000.00
2008,DEC,STATE,28,7,TOTAL,125000000.00
2008,DEC,STATE,29,7,TOTAL,167000000.00
2008,DEC,STATE,31,7,TOTAL,234000000.00
2008,DEC,STATE,36,7,TOTAL,103000000.00
2008,DEC,STATE,37,7,TOTAL,264000000.00
2008,DEC,STATE,39,7,TOTAL,654000000.00
2008,DEC,STATE,41,7,TOTAL,65000000.00
2008,DEC,STATE,,7,TOTAL,518000000.00
2008,DEC,STATE,42,7,TOTAL,535000000.00
2008,DEC,STATE,45,7,TOTAL,97000000.00
2008,DEC,STATE,46,7,TOTAL,59000000.00
2008,DEC,STATE,48,7,TOTAL,441000000.00
2008,DEC,STATE,51,7,TOTAL,63000000.00
2008,DEC,STATE,53,7,TOTAL,143000000.00
2008,DEC,STATE,55,7,TOTAL,113000000.00
2008,FEB,STATE,1,7,TOTAL,172000000.00
2008,FEB,STATE,5,7,TOTAL,254000000.00
2008,FEB,STATE,6,7,TOTAL,392000000.00
2008,FEB,STATE,8,7,TOTAL,88000000.00
2008,FEB,STATE,9,7,TOTAL,60000000.00
2008,FEB,STATE,12,7,TOTAL,235000000.00
2008,FEB,STATE,13,7,TOTAL,373000000.00
2008,FEB,STATE,15,7,TOTAL,6000000.00
2008,FEB,STATE,17,7,TOTAL,103000000.00
2008,FEB,STATE,18,7,TOTAL,517000000.00
2008,FEB,STATE,19,7,TOTAL,1109000000.00
2008,FEB,STATE,23,7,TOTAL,90000000.00
2008,FEB,STATE,24,7,TOTAL,54000000.00
2008,FEB,STATE,26,7,TOTAL,209000000.00
2008,FEB,STATE,27,7,TOTAL,221000000.00
2008,FEB,STATE,28,7,TOTAL,120000000.00
2008,FEB,STATE,29,7,TOTAL,158000000.00
2008,FEB,STATE,31,7,TOTAL,222000000.00
2008,FEB,STATE,36,7,TOTAL,92000000.00
2008,FEB,STATE,37,7,TOTAL,247000000.00
2008,FEB,STATE,39,7,TOTAL,545000000.00
2008,FEB,STATE,41,7,TOTAL,63000000.00
2008,FEB,STATE,,7,TOTAL,487000000.00
2008,FEB,STATE,42,7,TOTAL,490000000.00
2008,FEB,STATE,45,7,TOTAL,89000000.00
2008,FEB,STATE,46,7,TOTAL,53000000.00
2008,FEB,STATE,48,7,TOTAL,396000000.00
2008,FEB,STATE,51,7,TOTAL,54000000.00
2008,FEB,STATE,53,7,TOTAL,120000000.00
2008,FEB,STATE,55,7,TOTAL,98000000.00
2008,JAN,STATE,1,7,TOTAL,185000000.00
2008,JAN,STATE,5,7,TOTAL,266000000.00
2008,JAN,STATE,6,7,TOTAL,433000000.00
2008,JAN,STATE,8,7,TOTAL,93000000.00
2008,JAN,STATE,9,7,TOTAL,67000000.00
2008,JAN,STATE,12,7,TOTAL,249000000.00
2008,JAN,STATE,13,7,TOTAL,402000000.00
2008,JAN,STATE,15,7,TOTAL,7000000.00
2008,JAN,STATE,17,7,TOTAL,107000000.00
2008,JAN,STATE,18,7,TOTAL,546000000.00
2008,JAN,STATE,19,7,TOTAL,1212000000.00
2008,JAN,STATE,23,7,TOTAL,86000000.00
2008,JAN,STATE,24,7,TOTAL,61000000.00
2008,JAN,STATE,26,7,TOTAL,222000000.00
2008,JAN,STATE,27,7,TOTAL,240000000.00
2008,JAN,STATE,28,7,TOTAL,127000000.00
2008,JAN,STATE,29,7,TOTAL,167000000.00
2008,JAN,STATE,31,7,TOTAL,242000000.00
2008,JAN,STATE,36,7,TOTAL,96000000.00
2008,JAN,STATE,37,7,TOTAL,264000000.00
2008,JAN,STATE,39,7,TOTAL,606000000.00
2008,JAN,STATE,41,7,TOTAL,68000000.00
2008,JAN,STATE,,7,TOTAL,520000000.00
2008,JAN,STATE,42,7,TOTAL,523000000.00
2008,JAN,STATE,45,7,TOTAL,97000000.00
2008,JAN,STATE,46,7,TOTAL,56000000.00
2008,JAN,STATE,48,7,TOTAL,418000000.00
2008,JAN,STATE,51,7,TOTAL,59000000.00
2008,JAN,STATE,53,7,TOTAL,122000000.00
2008,JAN,STATE,55,7,TOTAL,108000000.00
2008,JUL,STATE,1,7,TOTAL,178000000.00
2008,JUL,STATE,5,7,TOTAL,270000000.00
2008,JUL,STATE,6,7,TOTAL,450000000.00
2008,JUL,STATE,8,7,TOTAL,93000000.00
2008,JUL,STATE,9,7,TOTAL,65000000.00
2008,JUL,STATE,12,7,TOTAL,220000000.00
2008,JUL,STATE,13,7,TOTAL,377000000.00
2008,JUL,STATE,15,7,TOTAL,6000000.00
2008,JUL,STATE,17,7,TOTAL,110000000.00
2008,JUL,STATE,18,7,TOTAL,556000000.00
2008,JUL,STATE,19,7,TOTAL,1238000000.00
2008,JUL,STATE,23,7,TOTAL,84000000.00
2008,JUL,STATE,24,7,TOTAL,56000000.00
2008,JUL,STATE,26,7,TOTAL,234000000.00
2008,JUL,STATE,27,7,TOTAL,229000000.00
2008,JUL,STATE,28,7,TOTAL,130000000.00
2008,JUL,STATE,29,7,TOTAL,163000000.00
2008,JUL,STATE,31,7,TOTAL,227000000.00
2008,JUL,STATE,36,7,TOTAL,95000000.00
2008,JUL,STATE,37,7,TOTAL,252000000.00
2008,JUL,STATE,39,7,TOTAL,619000000.00
2008,JUL,STATE,41,7,TOTAL,68000000.00
2008,JUL,STATE,,7,TOTAL,509000000.00
2008,JUL,STATE,42,7,TOTAL,524000000.00
2008,JUL,STATE,45,7,TOTAL,99000000.00
2008,JUL,STATE,46,7,TOTAL,55000000.00
2008,JUL,STATE,48,7,TOTAL,406000000.00
2008,JUL,STATE,51,7,TOTAL,62000000.00
2008,JUL,STATE,53,7,TOTAL,125000000.00
2008,JUL,STATE,55,7,TOTAL,105000000.00
2008,JUN,STATE,1,7,TOTAL,175000000.00
2008,JUN,STATE,5,7,TOTAL,265000000.00
2008,JUN,STATE,6,7,TOTAL,440000000.00
2008,JUN,STATE,8,7,TOTAL,83000000.00
2008,JUN,STATE,9,7,TOTAL,63000000.00
2008,JUN,STATE,12,7,TOTAL,221000000.00
2008,JUN,STATE,13,7,TOTAL,367000000.00
2008,JUN,STATE,15,7,TOTAL,6000000.00
2008,JUN,STATE,17,7,TOTAL,105000000.00
2008,JUN,STATE,18,7,TOTAL,544000000.00
2008,JUN,STATE,19,7,TOTAL,1204000000.00
2008,JUN,STATE,23,7,TOTAL,86000000.00
2008,JUN,STATE,24,7,TOTAL,50000000.00
2008,JUN,STATE,26,7,TOTAL,219000000.00
2008,JUN,STATE,27,7,TOTAL,226000000.00
2008,JUN,STATE,28,7,TOTAL,125000000.00
2008,JUN,STATE,29,7,TOTAL,160000000.00
2008,JUN,STATE,31,7,TOTAL,221000000.00
2008,JUN,STATE,36,7,TOTAL,94000000.00
2008,JUN,STATE,37,7,TOTAL,247000000.00
2008,JUN,STATE,39,7,TOTAL,581000000.00
2008,JUN,STATE,41,7,TOTAL,62000000.00
2008,JUN,STATE,,7,TOTAL,490000000.00
2008,JUN,STATE,42,7,TOTAL,509000000.00
2008,JUN,STATE,45,7,TOTAL,94000000.00
2008,JUN,STATE,46,7,TOTAL,56000000.00
2008,JUN,STATE,48,7,TOTAL,393000000.00
2008,JUN,STATE,51,7,TOTAL,62000000.00
2008,JUN,STATE,53,7,TOTAL,125000000.00
2008,JUN,STATE,55,7,TOTAL,99000000.00
2008,MAR,STATE,1,7,TOTAL,183000000.00
2008,MAR,STATE,5,7,TOTAL,278000000.00
2008,MAR,STATE,6,7,TOTAL,436000000.00
2008,MAR,STATE,8,7,TOTAL,96000000.00
2008,MAR,STATE,9,7,TOTAL,66000000.00
2008,MAR,STATE,12,7,TOTAL,243000000.00
2008,MAR,STATE,13,7,TOTAL,400000000.00
2008,MAR,STATE,15,7,TOTAL,7000000.00
2008,MAR,STATE,17,7,TOTAL,111000000.00
2008,MAR,STATE,18,7,TOTAL,563000000.00
2008,MAR,STATE,19,7,TOTAL,1194000000.00
2008,MAR,STATE,23,7,TOTAL,97000000.00
2008,MAR,STATE,24,7,TOTAL,56000000.00
2008,MAR,STATE,26,7,TOTAL,231000000.00
2008,MAR,STATE,27,7,TOTAL,231000000.00
2008,MAR,STATE,28,7,TOTAL,127000000.00
2008,MAR,STATE,29,7,TOTAL,172000000.00
2008,MAR,STATE,31,7,TOTAL,233000000.00
2008,MAR,STATE,36,7,TOTAL,98000000.00
2008,MAR,STATE,37,7,TOTAL,267000000.00
2008,MAR,STATE,39,7,TOTAL,610000000.00
2008,MAR,STATE,41,7,TOTAL,66000000.00
2008,MAR,STATE,,7,TOTAL,515000000.00
2008,MAR,STATE,42,7,TOTAL,524000000.00
2008,MAR,STATE,45,7,TOTAL,98000000.00
2008,MAR,STATE,46,7,TOTAL,57000000.00
2008,MAR,STATE,48,7,TOTAL,426000000.00
2008,MAR,STATE,51,7,TOTAL,62000000.00
2008,MAR,STATE,53,7,TOTAL,131000000.00
2008,MAR,STATE,55,7,TOTAL,100000000.00
2008,MARKETING YEAR,STATE,1,7,TOTAL,2150000000.00
2008,MARKETING YEAR,STATE,5,7,TOTAL,3198000000.00
2008,MARKETING YEAR,STATE,6,7,TOTAL,5271000000.00
2008,MARKETING YEAR,STATE,8,7,TOTAL,1090000000.00
2008,MARKETING YEAR,STATE,9,7,TOTAL,780000000.00
2008,MARKETING YEAR,STATE,12,7,TOTAL,2749000000.00
2008,MARKETING YEAR,STATE,13,7,TOTAL,4576000000.00
2008,MARKETING YEAR,STATE,15,7,TOTAL,73300000.00
2008,MARKETING YEAR,STATE,17,7,TOTAL,1309000000.00
2008,MARKETING YEAR,STATE,18,7,TOTAL,6523000000.00
2008,MARKETING YEAR,STATE,19,7,TOTAL,14407000000.00
2008,MARKETING YEAR,STATE,21,7,TOTAL,1140000000.00
2008,MARKETING YEAR,STATE,22,7,TOTAL,479000000.00
2008,MARKETING YEAR,STATE,23,7,TOTAL,1028000000.00
2008,MARKETING YEAR,STATE,24,7,TOTAL,666000000.00
2008,MARKETING YEAR,STATE,25,7,TOTAL,36000000.00
2008,MARKETING YEAR,STATE,26,7,TOTAL,2732000000.00
2008,MARKETING YEAR,STATE,27,7,TOTAL,2767000000.00
2008,MARKETING YEAR,STATE,28,7,TOTAL,1511000000.00
2008,MARKETING YEAR,STATE,29,7,TOTAL,1947000000.00
2008,MARKETING YEAR,STATE,30,7,TOTAL,115000000.00
2008,MARKETING YEAR,STATE,31,7,TOTAL,2777000000.00
2008,MARKETING YEAR,STATE,36,7,TOTAL,1167000000.00
2008,MARKETING YEAR,STATE,37,7,TOTAL,3063000000.00
2008,MARKETING YEAR,STATE,39,7,TOTAL,7168000000.00
2008,MARKETING YEAR,STATE,40,7,TOTAL,774000000.00
2008,MARKETING YEAR,STATE,41,7,TOTAL,769000000.00
2008,MARKETING YEAR,STATE,,7,TOTAL,1951000000.00
2008,MARKETING YEAR,STATE,42,7,TOTAL,6189000000.00
2008,MARKETING YEAR,STATE,45,7,TOTAL,1143000000.00
2008,MARKETING YEAR,STATE,46,7,TOTAL,691000000.00
2008,MARKETING YEAR,STATE,47,7,TOTAL,351000000.00
2008,MARKETING YEAR,STATE,48,7,TOTAL,4954000000.00
2008,MARKETING YEAR,STATE,49,7,TOTAL,914000000.00
2008,MARKETING YEAR,STATE,50,7,TOTAL,55000000.00
2008,MARKETING YEAR,STATE,51,7,TOTAL,726000000.00
2008,MARKETING YEAR,STATE,53,7,TOTAL,1533000000.00
2008,MARKETING YEAR,STATE,54,7,TOTAL,246000000.00
2008,MARKETING YEAR,STATE,55,7,TOTAL,1220000000.00
2008,MARKETING YEAR,STATE,56,7,TOTAL,2400000.00
2008,MAY,STATE,1,7,TOTAL,183000000.00
2008,MAY,STATE,5,7,TOTAL,274000000.00
2008,MAY,STATE,6,7,TOTAL,445000000.00
2008,MAY,STATE,8,7,TOTAL,89000000.00
2008,MAY,STATE,9,7,TOTAL,66000000.00
2008,MAY,STATE,12,7,TOTAL,230000000.00
2008,MAY,STATE,13,7,TOTAL,378000000.00
2008,MAY,STATE,15,7,TOTAL,6000000.00
2008,MAY,STATE,17,7,TOTAL,107000000.00
2008,MAY,STATE,18,7,TOTAL,554000000.00
2008,MAY,STATE,19,7,TOTAL,1229000000.00
2008,MAY,STATE,23,7,TOTAL,90000000.00
2008,MAY,STATE,24,7,TOTAL,54000000.00
2008,MAY,STATE,26,7,TOTAL,223000000.00
2008,MAY,STATE,27,7,TOTAL,237000000.00
2008,MAY,STATE,28,7,TOTAL,125000000.00
2008,MAY,STATE,29,7,TOTAL,167000000.00
2008,MAY,STATE,31,7,TOTAL,236000000.00
2008,MAY,STATE,36,7,TOTAL,100000000.00
2008,MAY,STATE,37,7,TOTAL,262000000.00
2008,MAY,STATE,39,7,TOTAL,584000000.00
2008,MAY,STATE,41,7,TOTAL,61000000.00
2008,MAY,STATE,,7,TOTAL,505000000.00
2008,MAY,STATE,42,7,TOTAL,515000000.00
2008,MAY,STATE,45,7,TOTAL,98000000.00
2008,MAY,STATE,46,7,TOTAL,59000000.00
2008,MAY,STATE,48,7,TOTAL,401000000.00
2008,MAY,STATE,51,7,TOTAL,64000000.00
2008,MAY,STATE,53,7,TOTAL,133000000.00
2008,MAY,STATE,55,7,TOTAL,96000000.00
2008,NOV,STATE,1,7,TOTAL,176000000.00
2008,NOV,STATE,5,7,TOTAL,252000000.00
2008,NOV,STATE,6,7,TOTAL,443000000.00
2008,NOV,STATE,8,7,TOTAL,91000000.00
2008,NOV,STATE,9,7,TOTAL,62000000.00
2008,NOV,STATE,12,7,TOTAL,231000000.00
2008,NOV,STATE,13,7,TOTAL,380000000.00
2008,NOV,STATE,15,7,TOTAL,6000000.00
2008,NOV,STATE,17,7,TOTAL,117000000.00
2008,NOV,STATE,18,7,TOTAL,531000000.00
2008,NOV,STATE,19,7,TOTAL,1204000000.00
2008,NOV,STATE,23,7,TOTAL,79000000.00
2008,NOV,STATE,24,7,TOTAL,50000000.00
2008,NOV,STATE,26,7,TOTAL,239000000.00
2008,NOV,STATE,27,7,TOTAL,227000000.00
2008,NOV,STATE,28,7,TOTAL,127000000.00
2008,NOV,STATE,29,7,TOTAL,152000000.00
2008,NOV,STATE,31,7,TOTAL,221000000.00
2008,NOV,STATE,36,7,TOTAL,101000000.00
2008,NOV,STATE,37,7,TOTAL,255000000.00
2008,NOV,STATE,39,7,TOTAL,603000000.00
2008,NOV,STATE,41,7,TOTAL,61000000.00
2008,NOV,STATE,,7,TOTAL,497000000.00
2008,NOV,STATE,42,7,TOTAL,516000000.00
2008,NOV,STATE,45,7,TOTAL,93000000.00
2008,NOV,STATE,46,7,TOTAL,60000000.00
2008,NOV,STATE,48,7,TOTAL,437000000.00
2008,NOV,STATE,51,7,TOTAL,58000000.00
2008,NOV,STATE,53,7,TOTAL,134000000.00
2008,NOV,STATE,55,7,TOTAL,107000000.00
2008,OCT,STATE,1,7,TOTAL,181000000.00
2008,OCT,STATE,5,7,TOTAL,266000000.00
2008,OCT,STATE,6,7,TOTAL,447000000.00
2008,OCT,STATE,8,7,TOTAL,91000000.00
2008,OCT,STATE,9,7,TOTAL,63000000.00
2008,OCT,STATE,12,7,TOTAL,223000000.00
2008,OCT,STATE,13,7,TOTAL,383000000.00
2008,OCT,STATE,15,7,TOTAL,6000000.00
2008,OCT,STATE,17,7,TOTAL,115000000.00
2008,OCT,STATE,18,7,TOTAL,543000000.00
2008,OCT,STATE,19,7,TOTAL,1238000000.00
2008,OCT,STATE,23,7,TOTAL,83000000.00
2008,OCT,STATE,24,7,TOTAL,52000000.00
2008,OCT,STATE,26,7,TOTAL,242000000.00
2008,OCT,STATE,27,7,TOTAL,236000000.00
2008,OCT,STATE,28,7,TOTAL,129000000.00
2008,OCT,STATE,29,7,TOTAL,159000000.00
2008,OCT,STATE,31,7,TOTAL,233000000.00
2008,OCT,STATE,36,7,TOTAL,101000000.00
2008,OCT,STATE,37,7,TOTAL,249000000.00
2008,OCT,STATE,39,7,TOTAL,615000000.00
2008,OCT,STATE,41,7,TOTAL,61000000.00
2008,OCT,STATE,,7,TOTAL,506000000.00
2008,OCT,STATE,42,7,TOTAL,528000000.00
2008,OCT,STATE,45,7,TOTAL,92000000.00
2008,OCT,STATE,46,7,TOTAL,62000000.00
2008,OCT,STATE,48,7,TOTAL,439000000.00
2008,OCT,STATE,51,7,TOTAL,59000000.00
2008,OCT,STATE,53,7,TOTAL,137000000.00
2008,OCT,STATE,55,7,TOTAL,104000000.00
2008,SEP,STATE,1,7,TOTAL,176000000.00
2008,SEP,STATE,5,7,TOTAL,264000000.00
2008,SEP,STATE,6,7,TOTAL,440000000.00
2008,SEP,STATE,8,7,TOTAL,88000000.00
2008,SEP,STATE,9,7,TOTAL,64000000.00
2008,SEP,STATE,12,7,TOTAL,209000000.00
2008,SEP,STATE,13,7,TOTAL,360000000.00
2008,SEP,STATE,15,7,TOTAL,6000000.00
2008,SEP,STATE,17,7,TOTAL,106000000.00
2008,SEP,STATE,18,7,TOTAL,527000000.00
2008,SEP,STATE,19,7,TOTAL,1175000000.00
2008,SEP,STATE,23,7,TOTAL,81000000.00
2008,SEP,STATE,24,7,TOTAL,55000000.00
2008,SEP,STATE,26,7,TOTAL,229000000.00
2008,SEP,STATE,27,7,TOTAL,225000000.00
2008,SEP,STATE,28,7,TOTAL,123000000.00
2008,SEP,STATE,29,7,TOTAL,159000000.00
2008,SEP,STATE,31,7,TOTAL,236000000.00
2008,SEP,STATE,36,7,TOTAL,98000000.00
2008,SEP,STATE,37,7,TOTAL,242000000.00
2008,SEP,STATE,39,7,TOTAL,589000000.00
2008,SEP,STATE,41,7,TOTAL,62000000.00
2008,SEP,STATE,,7,TOTAL,497000000.00
2008,SEP,STATE,42,7,TOTAL,507000000.00
2008,SEP,STATE,45,7,TOTAL,89000000.00
2008,SEP,STATE,46,7,TOTAL,58000000.00
2008,SEP,STATE,48,7,TOTAL,402000000.00
2008,SEP,STATE,51,7,TOTAL,58000000.00
2008,SEP,STATE,53,7,TOTAL,128000000.00
2008,SEP,STATE,55,7,TOTAL,97000000.00
2007,DEC,STATE,1,7,TOTAL,185000000.00
2007,DEC,STATE,5,7,TOTAL,276000000.00
2007,DEC,STATE,6,7,TOTAL,464000000.00
2007,DEC,STATE,8,7,TOTAL,92000000.00
2007,DEC,STATE,9,7,TOTAL,71000000.00
2007,DEC,STATE,12,7,TOTAL,249000000.00
2007,DEC,STATE,13,7,TOTAL,409000000.00
2007,DEC,STATE,15,7,TOTAL,6000000.00
2007,DEC,STATE,17,7,TOTAL,115000000.00
2007,DEC,STATE,18,7,TOTAL,562000000.00
2007,DEC,STATE,19,7,TOTAL,1215000000.00
2007,DEC,STATE,23,7,TOTAL,80000000.00
2007,DEC,STATE,24,7,TOTAL,60000000.00
2007,DEC,STATE,26,7,TOTAL,228000000.00
2007,DEC,STATE,27,7,TOTAL,243000000.00
2007,DEC,STATE,28,7,TOTAL,130000000.00
2007,DEC,STATE,29,7,TOTAL,163000000.00
2007,DEC,STATE,31,7,TOTAL,244000000.00
2007,DEC,STATE,36,7,TOTAL,98000000.00
2007,DEC,STATE,37,7,TOTAL,264000000.00
2007,DEC,STATE,39,7,TOTAL,627000000.00
2007,DEC,STATE,41,7,TOTAL,68000000.00
2007,DEC,STATE,,7,TOTAL,527000000.00
2007,DEC,STATE,42,7,TOTAL,535000000.00
2007,DEC,STATE,45,7,TOTAL,100000000.00
2007,DEC,STATE,46,7,TOTAL,63000000.00
2007,DEC,STATE,48,7,TOTAL,436000000.00
2007,DEC,STATE,51,7,TOTAL,65000000.00
2007,DEC,STATE,53,7,TOTAL,123000000.00
2007,DEC,STATE,55,7,TOTAL,111000000.00
2006,YEAR,STATE,1,7,TOTAL,2131000000.00
2006,YEAR,STATE,15,7,TOTAL,98300000.00
2006,YEAR,STATE,27,7,TOTAL,2940000000.00
2006,YEAR,STATE,42,7,TOTAL,6687000000.00
2006,YEAR,STATE,45,7,TOTAL,1280000000.00
2006,YEAR,STATE,48,7,TOTAL,5039000000.00
2005,YEAR,STATE,1,7,TOTAL,2071000000.00
2005,YEAR,STATE,15,7,TOTAL,114500000.00
2005,YEAR,STATE,27,7,TOTAL,2985000000.00
2005,YEAR,STATE,42,7,TOTAL,6608000000.00
2005,YEAR,STATE,45,7,TOTAL,1289000000.00
2005,YEAR,STATE,48,7,TOTAL,4760000000.00
2004,YEAR,STATE,15,7,TOTAL,118500000.00
2004,YEAR,STATE,27,7,TOTAL,2927000000.00
2004,YEAR,STATE,42,7,TOTAL,6585000000.00
2004,YEAR,STATE,45,7,TOTAL,1351000000.00
2004,YEAR,STATE,48,7,TOTAL,4825000000.00
2003,YEAR,STATE,1,7,TOTAL,2190000000.00
2003,YEAR,STATE,15,7,TOTAL,117200000.00
2003,YEAR,STATE,27,7,TOTAL,3028000000.00
2003,YEAR,STATE,42,7,TOTAL,6754000000.00
2003,YEAR,STATE,45,7,TOTAL,1373000000.00
2003,YEAR,STATE,48,7,TOTAL,4747000000.00
2002,YEAR,STATE,1,7,TOTAL,2281000000.00
2002,YEAR,STATE,15,7,TOTAL,117500000.00
2002,YEAR,STATE,27,7,TOTAL,3159000000.00
2002,YEAR,STATE,42,7,TOTAL,6520000000.00
2002,YEAR,STATE,45,7,TOTAL,1380000000.00
2002,YEAR,STATE,48,7,TOTAL,4774000000.00
2001,YEAR,STATE,15,7,TOTAL,129400000.00
2001,YEAR,STATE,27,7,TOTAL,3112000000.00
2001,YEAR,STATE,42,7,TOTAL,6662000000.00
2001,YEAR,STATE,45,7,TOTAL,1416000000.00
2001,YEAR,STATE,48,7,TOTAL,4734000000.00
2000,YEAR,STATE,1,7,TOTAL,2378000000.00
2000,YEAR,STATE,15,7,TOTAL,142900000.00
2000,YEAR,STATE,20,7,TOTAL,416000000.00
2000,YEAR,STATE,27,7,TOTAL,3271000000.00
2000,YEAR,STATE,42,7,TOTAL,6313000000.00
2000,YEAR,STATE,45,7,TOTAL,1245000000.00
2000,YEAR,STATE,48,7,TOTAL,4423000000.00
1999,YEAR,STATE,1,7,TOTAL,2450000000.00
1999,YEAR,STATE,15,7,TOTAL,149000000.00
1999,YEAR,STATE,20,7,TOTAL,387000000.00
1999,YEAR,STATE,27,7,TOTAL,3138000000.00
1999,YEAR,STATE,42,7,TOTAL,6135000000.00
1999,YEAR,STATE,45,7,TOTAL,1215000000.00
1999,YEAR,STATE,48,7,TOTAL,4413000000.00
1998,YEAR,STATE,1,7,TOTAL,2507000000.00
1998,YEAR,STATE,15,7,TOTAL,156000000.00
1998,YEAR,STATE,20,7,TOTAL,392000000.00
1998,YEAR,STATE,27,7,TOTAL,3152000000.00
1998,YEAR,STATE,42,7,TOTAL,5983000000.00
1998,YEAR,STATE,45,7,TOTAL,1189000000.00
1998,YEAR,STATE,48,7,TOTAL,4257000000.00
1997,YEAR,STATE,1,7,TOTAL,2499000000.00
1997,YEAR,STATE,15,7,TOTAL,172000000.00
1997,YEAR,STATE,20,7,TOTAL,323000000.00
1997,YEAR,STATE,27,7,TOTAL,2957000000.00
1997,YEAR,STATE,42,7,TOTAL,5900000000.00
1997,YEAR,STATE,45,7,TOTAL,1228000000.00
1997,YEAR,STATE,48,7,TOTAL,4186000000.00
1996,YEAR,STATE,1,7,TOTAL,2481000000.00
1996,YEAR,STATE,15,7,TOTAL,180100000.00
1996,YEAR,STATE,20,7,TOTAL,315000000.00
1996,YEAR,STATE,27,7,TOTAL,3087000000.00
1996,YEAR,STATE,42,7,TOTAL,5640000000.00
1996,YEAR,STATE,45,7,TOTAL,1224000000.00
1996,YEAR,STATE,48,7,TOTAL,3986000000.00
1995,YEAR,STATE,1,7,TOTAL,2703000000.00
1995,YEAR,STATE,15,7,TOTAL,186000000.00
1995,YEAR,STATE,20,7,TOTAL,325000000.00
1995,YEAR,STATE,27,7,TOTAL,2823000000.00
1995,YEAR,STATE,42,7,TOTAL,5661000000.00
1995,YEAR,STATE,45,7,TOTAL,1289000000.00
1995,YEAR,STATE,48,7,TOTAL,3922000000.00
1994,YEAR,STATE,1,7,TOTAL,2733000000.00
1994,YEAR,STATE,15,7,TOTAL,195000000.00
1994,YEAR,STATE,20,7,TOTAL,352000000.00
1994,YEAR,STATE,27,7,TOTAL,2669000000.00
1994,YEAR,STATE,42,7,TOTAL,5597000000.00
1994,YEAR,STATE,45,7,TOTAL,1326000000.00
1994,YEAR,STATE,48,7,TOTAL,3860000000.00
1993,YEAR,STATE,1,7,TOTAL,2538000000.00
1993,YEAR,STATE,15,7,TOTAL,210600000.00
1993,YEAR,STATE,20,7,TOTAL,334000000.00
1993,YEAR,STATE,21,7,TOTAL,629000000.00
1993,YEAR,STATE,27,7,TOTAL,2692000000.00
1993,YEAR,STATE,42,7,TOTAL,5642000000.00
1993,YEAR,STATE,45,7,TOTAL,1282000000.00
1993,YEAR,STATE,48,7,TOTAL,3569000000.00
1993,YEAR,STATE,55,7,TOTAL,820000000.00
1992,YEAR,STATE,1,7,TOTAL,2512000000.00
1992,YEAR,STATE,15,7,TOTAL,222400000.00
1992,YEAR,STATE,20,7,TOTAL,355000000.00
1992,YEAR,STATE,21,7,TOTAL,588000000.00
1992,YEAR,STATE,27,7,TOTAL,2805000000.00
1992,YEAR,STATE,42,7,TOTAL,5513000000.00
1992,YEAR,STATE,48,7,TOTAL,3462000000.00
1992,YEAR,STATE,55,7,TOTAL,831000000.00
1991,YEAR,STATE,1,7,TOTAL,2417000000.00
1991,YEAR,STATE,15,7,TOTAL,224500000.00
1991,YEAR,STATE,20,7,TOTAL,389000000.00
1991,YEAR,STATE,21,7,TOTAL,507000000.00
1991,YEAR,STATE,27,7,TOTAL,2697000000.00
1991,YEAR,STATE,42,7,TOTAL,5130000000.00
1991,YEAR,STATE,45,7,TOTAL,1420000000.00
1991,YEAR,STATE,48,7,TOTAL,3356000000.00
1991,YEAR,STATE,55,7,TOTAL,896000000.00
1990,YEAR,STATE,1,7,TOTAL,2206000000.00
1990,YEAR,STATE,15,7,TOTAL,227500000.00
1990,YEAR,STATE,20,7,TOTAL,404000000.00
1990,YEAR,STATE,21,7,TOTAL,412000000.00
1990,YEAR,STATE,27,7,TOTAL,2499000000.00
1990,YEAR,STATE,42,7,TOTAL,4976000000.00
1990,YEAR,STATE,48,7,TOTAL,3317000000.00
1990,YEAR,STATE,55,7,TOTAL,918000000.00
1989,YEAR,STATE,1,7,TOTAL,2183000000.00
1989,YEAR,STATE,15,7,TOTAL,226600000.00
1989,YEAR,STATE,20,7,TOTAL,387000000.00
1989,YEAR,STATE,21,7,TOTAL,407000000.00
1989,YEAR,STATE,27,7,TOTAL,2236000000.00
1989,YEAR,STATE,42,7,TOTAL,5232000000.00
1989,YEAR,STATE,45,7,TOTAL,1340000000.00
1989,YEAR,STATE,48,7,TOTAL,3304000000.00
1989,YEAR,STATE,55,7,TOTAL,852000000.00
1988,YEAR,STATE,1,7,TOTAL,2596000000.00
1988,YEAR,STATE,15,7,TOTAL,224400000.00
1988,YEAR,STATE,20,7,TOTAL,414000000.00
1988,YEAR,STATE,21,7,TOTAL,457000000.00
1988,YEAR,STATE,27,7,TOTAL,2251000000.00
1988,YEAR,STATE,42,7,TOTAL,5320000000.00
1988,YEAR,STATE,45,7,TOTAL,1432000000.00
1988,YEAR,STATE,48,7,TOTAL,3363000000.00
1988,YEAR,STATE,55,7,TOTAL,881000000.00
1987,YEAR,STATE,1,7,TOTAL,2605000000.00
1987,YEAR,STATE,15,7,TOTAL,223300000.00
1987,YEAR,STATE,20,7,TOTAL,489000000.00
1987,YEAR,STATE,21,7,TOTAL,466000000.00
1987,YEAR,STATE,27,7,TOTAL,2263000000.00
1987,YEAR,STATE,42,7,TOTAL,5205000000.00
1987,YEAR,STATE,45,7,TOTAL,1604000000.00
1987,YEAR,STATE,48,7,TOTAL,3424000000.00
1987,YEAR,STATE,55,7,TOTAL,902000000.00
1986,YEAR,STATE,1,7,TOTAL,2723000000.00
1986,YEAR,STATE,15,7,TOTAL,227000000.00
1986,YEAR,STATE,20,7,TOTAL,463000000.00
1986,YEAR,STATE,21,7,TOTAL,420000000.00
1986,YEAR,STATE,27,7,TOTAL,2312000000.00
1986,YEAR,STATE,42,7,TOTAL,4963000000.00
1986,YEAR,STATE,45,7,TOTAL,1615000000.00
1986,YEAR,STATE,48,7,TOTAL,3355000000.00
1986,YEAR,STATE,55,7,TOTAL,839000000.00
1985,YEAR,STATE,1,7,TOTAL,2794000000.00
1985,YEAR,STATE,15,7,TOTAL,220500000.00
1985,YEAR,STATE,20,7,TOTAL,472000000.00
1985,YEAR,STATE,21,7,TOTAL,431000000.00
1985,YEAR,STATE,27,7,TOTAL,2267000000.00
1985,YEAR,STATE,42,7,TOTAL,4774000000.00
1985,YEAR,STATE,45,7,TOTAL,1573000000.00
1985,YEAR,STATE,48,7,TOTAL,3131000000.00
1985,YEAR,STATE,55,7,TOTAL,837000000.00
1984,YEAR,STATE,1,7,TOTAL,2783000000.00
1984,YEAR,STATE,2,7,TOTAL,13600000.00
1984,YEAR,STATE,15,7,TOTAL,209700000.00
1984,YEAR,STATE,20,7,TOTAL,466000000.00
1984,YEAR,STATE,21,7,TOTAL,434000000.00
1984,YEAR,STATE,27,7,TOTAL,2443000000.00
1984,YEAR,STATE,42,7,TOTAL,4282000000.00
1984,YEAR,STATE,45,7,TOTAL,1617000000.00
1984,YEAR,STATE,48,7,TOTAL,3182000000.00
1984,YEAR,STATE,55,7,TOTAL,885000000.00
1983,YEAR,STATE,1,7,TOTAL,2813000000.00
1983,YEAR,STATE,2,7,TOTAL,15600000.00
1983,YEAR,STATE,15,7,TOTAL,197300000.00
1983,YEAR,STATE,17,7,TOTAL,1004000000.00
1983,YEAR,STATE,20,7,TOTAL,481000000.00
1983,YEAR,STATE,21,7,TOTAL,457000000.00
1983,YEAR,STATE,27,7,TOTAL,2508000000.00
1983,YEAR,STATE,42,7,TOTAL,4716000000.00
1983,YEAR,STATE,45,7,TOTAL,1594000000.00
1983,YEAR,STATE,48,7,TOTAL,3089000000.00
1983,YEAR,STATE,55,7,TOTAL,906000000.00
1982,YEAR,STATE,1,7,TOTAL,2879000000.00
1982,YEAR,STATE,2,7,TOTAL,8796000.00
1982,YEAR,STATE,15,7,TOTAL,202200000.00
1982,YEAR,STATE,17,7,TOTAL,1158000000.00
1982,YEAR,STATE,20,7,TOTAL,462000000.00
1982,YEAR,STATE,21,7,TOTAL,484000000.00
1982,YEAR,STATE,27,7,TOTAL,2432000000.00
1982,YEAR,STATE,42,7,TOTAL,4324000000.00
1982,YEAR,STATE,45,7,TOTAL,1656000000.00
1982,YEAR,STATE,48,7,TOTAL,3113000000.00
1982,YEAR,STATE,55,7,TOTAL,991000000.00
1981,YEAR,STATE,1,7,TOTAL,3095000000.00
1981,YEAR,STATE,2,7,TOTAL,6700000.00
1981,YEAR,STATE,15,7,TOTAL,221300000.00
1981,YEAR,STATE,17,7,TOTAL,1262000000.00
1981,YEAR,STATE,20,7,TOTAL,416000000.00
1981,YEAR,STATE,21,7,TOTAL,509000000.00
1981,YEAR,STATE,27,7,TOTAL,2355000000.00
1981,YEAR,STATE,42,7,TOTAL,4268000000.00
1981,YEAR,STATE,48,7,TOTAL,3224000000.00
1981,YEAR,STATE,55,7,TOTAL,955000000.00
1980,YEAR,STATE,1,7,TOTAL,3354000000.00
1980,YEAR,STATE,2,7,TOTAL,4500000.00
1980,YEAR,STATE,15,7,TOTAL,220500000.00
1980,YEAR,STATE,17,7,TOTAL,1267000000.00
1980,YEAR,STATE,20,7,TOTAL,427000000.00
1980,YEAR,STATE,21,7,TOTAL,536000000.00
1980,YEAR,STATE,27,7,TOTAL,2223000000.00
1980,YEAR,STATE,42,7,TOTAL,4251000000.00
1980,YEAR,STATE,45,7,TOTAL,1679000000.00
1980,YEAR,STATE,48,7,TOTAL,3092000000.00
1980,YEAR,STATE,55,7,TOTAL,946000000.00
1979,YEAR,STATE,1,7,TOTAL,3300000000.00
1979,YEAR,STATE,2,7,TOTAL,6700000.00
1979,YEAR,STATE,15,7,TOTAL,229000000.00
1979,YEAR,STATE,17,7,TOTAL,1347000000.00
1979,YEAR,STATE,20,7,TOTAL,483000000.00
1979,YEAR,STATE,21,7,TOTAL,583000000.00
1979,YEAR,STATE,27,7,TOTAL,2183000000.00
1979,YEAR,STATE,31,7,TOTAL,802000000.00
1979,YEAR,STATE,42,7,TOTAL,3836000000.00
1979,YEAR,STATE,45,7,TOTAL,1561000000.00
1979,YEAR,STATE,48,7,TOTAL,2795000000.00
1979,YEAR,STATE,55,7,TOTAL,911000000.00
1978,YEAR,STATE,1,7,TOTAL,3329000000.00
1978,YEAR,STATE,2,7,TOTAL,4704000.00
1978,YEAR,STATE,15,7,TOTAL,218000000.00
1978,YEAR,STATE,17,7,TOTAL,1380000000.00
1978,YEAR,STATE,20,7,TOTAL,511000000.00
1978,YEAR,STATE,21,7,TOTAL,553000000.00
1978,YEAR,STATE,27,7,TOTAL,2189000000.00
1978,YEAR,STATE,31,7,TOTAL,780000000.00
1978,YEAR,STATE,42,7,TOTAL,3436000000.00
1978,YEAR,STATE,45,7,TOTAL,1411000000.00
1978,YEAR,STATE,48,7,TOTAL,2630000000.00
1978,YEAR,STATE,55,7,TOTAL,973000000.00
1977,YEAR,STATE,1,7,TOTAL,3183000000.00
1977,YEAR,STATE,2,7,TOTAL,6204000.00
1977,YEAR,STATE,15,7,TOTAL,218000000.00
1977,YEAR,STATE,17,7,TOTAL,1389000000.00
1977,YEAR,STATE,20,7,TOTAL,548000000.00
1977,YEAR,STATE,21,7,TOTAL,566000000.00
1977,YEAR,STATE,27,7,TOTAL,2120000000.00
1977,YEAR,STATE,31,7,TOTAL,739000000.00
1977,YEAR,STATE,45,7,TOTAL,1249000000.00
1977,YEAR,STATE,48,7,TOTAL,2436000000.00
1977,YEAR,STATE,55,7,TOTAL,981000000.00
1976,YEAR,STATE,1,7,TOTAL,2919000000.00
1976,YEAR,STATE,2,7,TOTAL,6000000.00
1976,YEAR,STATE,15,7,TOTAL,218000000.00
1976,YEAR,STATE,17,7,TOTAL,1398000000.00
1976,YEAR,STATE,20,7,TOTAL,564000000.00
1976,YEAR,STATE,21,7,TOTAL,541000000.00
1976,YEAR,STATE,27,7,TOTAL,2238000000.00
1976,YEAR,STATE,31,7,TOTAL,737000000.00
1976,YEAR,STATE,45,7,TOTAL,1282000000.00
1976,YEAR,STATE,48,7,TOTAL,2357000000.00
1976,YEAR,STATE,54,7,TOTAL,230000000.00
1976,YEAR,STATE,55,7,TOTAL,1094000000.00
1975,YEAR,STATE,1,7,TOTAL,2951000000.00
1975,YEAR,STATE,2,7,TOTAL,5000000.00
1975,YEAR,STATE,15,7,TOTAL,209000000.00
1975,YEAR,STATE,17,7,TOTAL,1507000000.00
1975,YEAR,STATE,20,7,TOTAL,599000000.00
1975,YEAR,STATE,21,7,TOTAL,518000000.00
1975,YEAR,STATE,27,7,TOTAL,2209000000.00
1975,YEAR,STATE,31,7,TOTAL,782000000.00
1975,YEAR,STATE,45,7,TOTAL,1384000000.00
1975,YEAR,STATE,48,7,TOTAL,2360000000.00
1975,YEAR,STATE,54,7,TOTAL,256000000.00
1975,YEAR,STATE,55,7,TOTAL,1194000000.00
1974,YEAR,STATE,1,7,TOTAL,2945000000.00
1974,YEAR,STATE,2,7,TOTAL,6400000.00
1974,YEAR,STATE,15,7,TOTAL,207000000.00
1974,YEAR,STATE,17,7,TOTAL,1543000000.00
1974,YEAR,STATE,20,7,TOTAL,601000000.00
1974,YEAR,STATE,21,7,TOTAL,527000000.00
1974,YEAR,STATE,27,7,TOTAL,2385000000.00
1974,YEAR,STATE,31,7,TOTAL,723000000.00
1974,YEAR,STATE,45,7,TOTAL,1301000000.00
1974,YEAR,STATE,48,7,TOTAL,2292000000.00
1974,YEAR,STATE,54,7,TOTAL,248000000.00
1974,YEAR,STATE,55,7,TOTAL,1183000000.00
1973,YEAR,STATE,27,7,TOTAL,2474000000.00
1973,YEAR,STATE,45,7,TOTAL,1301000000.00
1973,YEAR,STATE,46,7,TOTAL,785000000.00
1972,YEAR,STATE,27,7,TOTAL,2584000000.00
1972,YEAR,STATE,45,7,TOTAL,1319000000.00
1972,YEAR,STATE,46,7,TOTAL,814000000.00
1971,YEAR,STATE,27,7,TOTAL,2493000000.00
1971,YEAR,STATE,45,7,TOTAL,1381000000.00
1971,YEAR,STATE,46,7,TOTAL,901000000.00
1970,YEAR,STATE,27,7,TOTAL,2249000000.00
1970,YEAR,STATE,46,7,TOTAL,914000000.00
1969,YEAR,STATE,27,7,TOTAL,2139000000.00
1969,YEAR,STATE,46,7,TOTAL,883000000.00
1968,YEAR,STATE,27,7,TOTAL,2270000000.00
1968,YEAR,STATE,46,7,TOTAL,1039000000.00
1967,YEAR,STATE,27,7,TOTAL,2463000000.00
1967,YEAR,STATE,46,7,TOTAL,1353000000.00
1966,YEAR,STATE,27,7,TOTAL,2389000000.00
1966,YEAR,STATE,46,7,TOTAL,1355000000.00
1965,YEAR,STATE,27,7,TOTAL,2838000000.00
1965,YEAR,STATE,46,7,TOTAL,1374000000.00
1964,YEAR,STATE,27,7,TOTAL,2838000000.00
1964,YEAR,STATE,46,7,TOTAL,1383000000.00
1963,YEAR,STATE,27,7,TOTAL,2925000000.00
1963,YEAR,STATE,46,7,TOTAL,1446000000.00
1962,YEAR,STATE,27,7,TOTAL,3282000000.00
1962,YEAR,STATE,46,7,TOTAL,1587000000.00
1961,YEAR,STATE,27,7,TOTAL,3500000000.00
1961,YEAR,STATE,46,7,TOTAL,1498000000.00
1960,YEAR,STATE,27,7,TOTAL,3553000000.00
1960,YEAR,STATE,46,7,TOTAL,1480000000.00
1959,YEAR,STATE,27,7,TOTAL,3824000000.00
1959,YEAR,STATE,46,7,TOTAL,1515000000.00
1958,YEAR,STATE,27,7,TOTAL,3874000000.00
1958,YEAR,STATE,46,7,TOTAL,1465000000.00
1957,YEAR,STATE,27,7,TOTAL,4024000000.00
1957,YEAR,STATE,46,7,TOTAL,1403000000.00
1956,YEAR,STATE,27,7,TOTAL,4169000000.00
1956,YEAR,STATE,46,7,TOTAL,1286000000.00
1955,YEAR,STATE,27,7,TOTAL,4287000000.00
1955,YEAR,STATE,46,7,TOTAL,1234000000.00
1954,YEAR,STATE,27,7,TOTAL,4161000000.00
1953,YEAR,STATE,27,7,TOTAL,3909000000.00
1952,YEAR,STATE,27,7,TOTAL,3800000000.00
1951,YEAR,STATE,27,7,TOTAL,3877000000.00
1950,YEAR,STATE,27,7,TOTAL,3822000000.00
1949,YEAR,STATE,27,7,TOTAL,3675000000.00
1948,YEAR,STATE,27,7,TOTAL,3646000000.00
1947,YEAR,STATE,27,7,TOTAL,3693000000.00
1946,YEAR,STATE,27,7,TOTAL,3899000000.00
1945,YEAR,STATE,27,7,TOTAL,3907000000.00
1944,YEAR,STATE,27,7,TOTAL,3718000000.00
